sample,FT-002,FT-004,FT-005,FT-006,FT-007,FT-008,FT-009,FT-010,FT-011,FT-012,FT-014,FT-016,FT-018,FT-020,FT-021,FT-023,FT-024,FT-025,FT-026,FT-027,FT-030,FT-031,FT-032,FT-033,FT-034,FT-035,FT-036,FT-037,FT-038,FT-039,FT-040,FT-041,FT-042,FT-044,FT-045,FT-048,FT-049,FT-052,FT-053,FT-054,FT-055,FT-056,FT-057,FT-058,FT-059,FT-060,FT-061,FT-062,FT-063,FT-064,FT-065,FT-066,FT-067,FT-068,FT-069,FT-070,FT-071,FT-072,FT-073,FT-074,FT-075,FT-076,FT-077,FT-078,FT-080,FT-081,FT-082,FT-083,FT-085,FT-086,FT-087,FT-088,FT-089,FT-091,FT-092,FT-093,FT-095,FT-096,FT-098,FT-099,FT-100,FT-101,FT-102,FT-103,FT-104,FT-105,FT-111,FT-113,FT-114,FT-115,FT-119,FT-123,FT-124,FT-127,FT-130,FT-131,FT-133,FT-135,FT-137,FT-138,FT-139,FT-140,FT-142,FT-149,FT-150,FT-152,FT-154,FT-155,FT-157,FT-158,FT-159,FT-160,FT-161,FT-162,FT-163,FT-165,FT-166,FT-167,FT-168,FT-169,FT-170,FT-171,FT-175,FT-176,FT-179,FT-182,FT-186,FT-189,FT-191,FT-193,FT-194,FT-195,FT-196,FT-198,FT-204,FT-207,FT-208,FT-211,FT-217,FT-218,FT-219,FT-220,FT-222,FT-223,FT-224,FT-229,FT-230,FT-232,FT-233,FT-234,FT-237,FT-238,FT-240,FT-242,FT-244,FT-248
20241106-297-Blank1,0.0,0.0,0.0,0.0,0.0,0.0,0.0,0.0,0.0,0.0,0.0,0.0,0.0,0.0,0.0,0.0,0.0,0.0,0.0,0.0,0.0,0.0,0.0,0.0,0.0,0.0,0.0,0.0,0.0,0.0,0.0,0.0,56.74642199305778,0.0,0.0,0.0,0.0,0.0,0.0,0.0,0.0,0.0,0.0,0.0,0.0,0.0,0.0,0.0,0.0,0.0,0.0,0.0,0.0,0.0,0.0,0.0,0.0,0.0,0.0,0.0,0.0,0.0,0.0,80.52464602496124,0.0,0.0,0.0,0.0,7.51721754069698,0.0,0.0,0.0,0.0,0.0,0.0,0.0,0.0,0.0,0.0,0.0,0.0,0.0,0.0,0.0,0.0,0.0,0.0,0.0,0.0,0.0,0.0,0.0,0.0,0.0,0.0,0.0,0.0,0.0,0.0,0.0,0.0,0.0,0.0,0.0,0.0,0.0,0.0,0.0,0.0,0.0,0.0,0.0,0.0,0.0,0.0,0.0,0.0,0.0,0.0,0.0,0.0,0.0,0.0,0.0,0.0,0.0,0.0,0.0,0.0,0.0,0.0,0.0,0.0,0.0,0.0,0.0,0.0,0.0,0.0,0.0,0.0,0.0,0.0,0.0,0.0,0.0,0.0,0.0,0.0,0.0,0.0,0.0,0.0,0.0,0.0,0.0
20241106-297-Blank2,0.0,0.0,0.0,0.0,0.0,0.0,0.0,0.0,0.0,0.0,0.0,0.0,0.0,0.0,0.0,0.0,0.0,0.0,0.0,0.0,0.0,0.0,0.0,0.0,0.0,28.86643549159693,0.0,0.0,0.0,0.0,0.0,0.0,0.0,0.0,0.0,0.0,0.0,0.0,0.0,0.0,0.0,0.0,0.0,0.0,0.0,0.0,0.0,0.0,0.0,0.0,0.0,0.0,0.0,0.0,0.0,0.0,0.0,0.0,0.0,0.0,0.0,0.0,0.0,0.0,0.0,0.0,36.487296132647955,0.0,0.0,0.0,0.0,0.0,0.0,0.0,0.0,0.0,0.0,0.0,0.0,0.0,0.0,0.0,0.0,0.0,0.0,0.0,0.0,0.0,0.0,0.0,0.0,0.0,0.0,0.0,0.0,0.0,0.0,0.0,0.0,0.0,0.0,0.0,0.0,0.0,0.0,0.0,0.0,0.0,0.0,0.0,0.0,0.0,0.0,0.0,0.0,0.0,0.0,0.0,0.0,0.0,0.0,0.0,0.0,0.0,0.0,0.0,0.0,0.0,0.0,0.0,0.0,0.0,0.0,0.0,0.0,0.0,0.0,0.0,0.0,0.0,0.0,0.0,0.0,0.0,0.0,0.0,0.0,0.0,0.0,0.0,0.0,0.0,0.0,0.0,0.0,79.43455393447111
20241106-297-Blank3,0.0,0.0,0.0,0.0,0.0,0.0,0.0,0.0,0.0,0.0,0.0,0.0,0.0,0.0,0.0,0.0,0.0,0.0,0.0,0.0,0.0,0.0,0.0,0.0,0.0,0.0,0.0,0.0,0.0,0.0,0.0,0.0,0.0,0.0,0.0,0.0,0.0,0.0,0.0,0.0,0.0,0.0,0.0,0.0,0.0,0.0,0.0,0.0,0.0,0.0,0.0,0.0,0.0,0.0,0.0,0.0,0.0,0.0,0.0,0.0,0.0,0.0,0.0,72.21410398109825,0.0,0.0,0.0,0.0,0.0,0.0,0.0,0.0,0.0,0.0,0.0,0.0,0.0,0.0,0.0,0.0,0.0,0.0,0.0,0.0,0.0,0.0,0.0,0.0,0.0,0.0,0.0,0.0,0.0,0.0,0.0,0.0,0.0,12.493012685826955,0.0,0.0,0.0,0.0,0.0,0.0,0.0,0.0,0.0,0.0,0.0,0.0,0.0,0.0,0.0,0.0,0.0,0.0,0.0,0.0,0.0,0.0,0.0,0.0,0.0,11.769827110109887,0.0,0.0,0.0,0.0,0.0,0.0,0.0,0.0,0.0,0.0,0.0,0.0,0.0,0.0,0.0,0.0,0.0,0.0,0.0,0.0,0.0,0.0,0.0,0.0,0.0,0.0,0.0,0.0,0.0,0.0,0.0,48.311341781680916
20241106-297-Experimental_Blank,5.041215419505264,5.138485030037766,4.85676369750465,4.9171469311606915,4.731366025143433,4.8835465648050675,4.792716083802303,4.674489198245393,4.5174195616041075,4.627154993257634,0.0,0.0,5.118318332513503,0.006514085196923668,0.00542823311535169,4.962724027926245,0.0,0.010985800854768676,0.0,0.0,0.0,0.0,0.0,0.0,0.0,0.00979402459697471,0.01688775206065256,0.0,0.0,0.0,0.0,0.0,0.0,0.0,0.0,0.0,0.0,0.0,0.0,0.0,0.0,0.0,0.0,0.0,0.0,0.0,0.0,0.0,0.0,0.0,0.0,0.0,0.0,0.0,0.0,0.0,0.0,0.0,0.0,0.0,0.0,0.0012453860076671519,0.0,0.0,0.0005509561767639492,0.0,0.0,0.0,0.0,0.0,0.0,0.002014978934039253,0.0,0.0,0.0,0.0,0.0,0.0,0.0,0.0,0.0,0.007634848338923081,0.0,0.0,0.0,0.007754136948643661,0.0,0.0,0.0,0.0,3.923912081377787,0.0,0.0,0.0,0.0,0.0,0.0,4.288374058837569,0.0,0.0,3.763711128935952,0.0,0.010144730791911527,4.069020823263383,4.193627407389528,0.0,4.3337826322189015,3.4948550581539384,4.247067077304959,3.887993779324609,4.427773582949887,4.14619755891023,4.170401262783741,4.084137212326512,3.9870480836004103,4.1244703472941,4.66876240302672,3.952378726736222,4.394045764274542,3.9910061377662305,4.031253285608922,4.219481666371196,0.0,0.02707546215731708,0.0,0.0,0.0,0.0,0.0,0.0,0.0,0.0,0.0,0.0,0.021609219574653754,0.0,0.0,0.0,0.0,0.0,0.0,0.0,0.0,0.0,0.0,0.0,0.0,0.0,0.0,0.0,0.0,0.0,0.0,0.0,0.0,0.0
20241106-297-Diluted-QC1,1.0323330109178483,1.0323330109178483,1.0323330109178483,1.0323330109178483,0.9850838954989812,0.9889313757017718,1.0323330109178483,1.0323330109178483,0.9948203233786233,0.9317490764263668,0.9905005648595216,0.8519474776364644,1.0323330109178483,0.9727251850449149,1.009765854911029,1.001400744548511,0.8897917418742617,0.9531887733096652,0.9316304580142111,0.8235980924398612,0.9088176753738947,0.9196392800192479,0.9340805690755547,0.9270385311954555,0.8726679543181091,0.900069434759327,0.9209621582809435,0.9776517680758605,1.0323330109178483,0.8436670971200045,0.9425778577925669,0.9444036584248049,1.0323330109178483,0.9028879559563586,0.9017805179895225,0.8426071598183295,0.9765792144464767,1.0323330109178483,0.9363862628454255,1.0323330109178483,0.9433018945821017,0.8659252480824045,0.8214703876873389,0.8206707207958335,0.8839934883707325,0.9402202654760086,0.9089746695552098,0.8661654800324028,0.8247008627275975,0.8717529593575534,0.7627466635729977,0.9137989144984724,0.9164168590158771,0.8854976963202974,0.8965946040483361,0.943853093674367,0.8446671544308721,0.8653707571825464,0.9289149923259467,0.8876793367703001,0.8453047285114257,0.8222883929668868,0.8346180752475646,0.8051980424561183,0.8121013770950011,1.0323330109178483,0.9360103349691105,0.9512197041908642,0.9633096233945923,0.8734247005554744,0.9772012800695196,0.8854582031587697,1.0034130254950953,0.9332042847268295,0.8701448817950809,0.8704027824956436,0.9392015131387025,0.9642067485089703,0.8959021600744589,0.9127570853043898,0.830536050351907,0.9392704142262939,0.862993405098385,0.9011726615916996,0.874709995133861,0.9268114447449338,0.842736511287378,0.9279985570648485,0.798337853879899,0.6652310753452805,1.0016450194272561,0.9501999690956654,0.9194139930999528,0.9096166634110764,0.8428804655293384,0.8953800605395964,0.9570485988747949,1.0144867490258465,0.8585055231435316,0.9008306147170347,1.0094248139564097,0.859207654569957,0.9639146424607345,1.0323330109178483,0.9834438614426011,0.9547864892627828,1.0323330109178483,1.0201276302486844,1.0323330109178483,1.0323330109178483,1.020195910243103,1.0323330109178483,1.0323330109178483,1.0207807462350784,1.0323330109178483,1.0323330109178483,1.0270217585858838,0.9604559543557454,1.025597356879881,1.0323330109178483,0.9905632451974413,1.0323330109178483,1.0323330109178483,0.8077029598522949,0.9496513391827309,0.9827727597662682,0.7330522233992748,0.8659652942657675,0.8097909862178024,1.0323330109178483,0.9834380894974398,1.0323330109178483,0.8989760136662029,0.9309560408438359,0.7883722367029721,0.9708813683791236,1.0112526956529833,0.9061867975231089,0.8330120361944381,1.0080143521995655,1.0323330109178483,0.9453448280313559,0.8421683858639545,0.764612354408885,0.9429746454835913,0.9436503959513742,0.9338539558204185,1.0323330109178483,0.9386343820505626,0.9347898841174546,0.7410371143988528,0.43131632100667006,0.99158262518853,0.8910526441744885,0.9329239271800885,0.880968266089377
20241106-297-Diluted-QC2,0.9015290999057947,0.9424927161213585,0.899759693647954,0.9222030285538073,0.9067548907371435,0.8854147905623186,0.874547482146696,0.8781604313946179,0.8854147905623186,0.8854147905623186,1.046987620186067,0.9024202853444079,0.8740583239454743,0.9593178224169455,0.9432105861167583,0.8854147905623186,0.98145469290733,0.9354342567575201,0.9443414854035914,0.9074420772937762,0.956163360788964,0.9642766211338689,1.0164710001223858,1.0715132532277771,0.952194913322684,0.9626838370638068,0.9462921243054535,0.9547640258523378,0.9586326047769543,0.962993831384852,1.103989889230316,0.9616489558707684,1.159116243653445,0.9323279439612233,0.9449826967385269,0.8854147905623186,0.9867839933901715,1.1181394040499093,0.915984249522898,1.025759691058217,1.0118782683975345,0.896310482994608,0.8854147905623186,0.893429586598273,0.8854147905623186,0.8854147905623186,0.9233252831286639,0.8854147905623186,0.8854147905623186,0.9726160494082433,0.8854147905623186,0.8854147905623186,0.9271078134357997,0.8854147905623186,0.8854147905623186,1.0013010347923004,0.8854147905623186,0.8854147905623186,0.9332117597619217,0.9313095627466325,0.9596912903230657,0.8854147905623186,0.8925827889838853,0.9493129430799352,0.8854147905623186,1.136307367686398,0.9221517007182204,0.9786618808000431,0.9684157757569904,0.8854147905623186,1.0061401248207136,0.8975471875259491,0.8854147905623186,0.8854147905623186,0.9225257939047612,0.8912868710467818,1.0145297811912806,0.9066762254778763,0.8854147905623186,1.0256551372829734,0.8885839892620121,0.9077645769003113,0.9146787029757766,0.9855908275704076,0.8854147905623186,0.8854147905623186,0.8854147905623186,1.0085053043239989,0.9555204135008105,0.8854147905623186,0.8854147905623186,1.0053559439315094,0.8854147905623186,0.9572886787638067,0.8854147905623186,0.8910431748851414,0.8854147905623186,0.8854147905623186,0.9043353570251473,0.8950725581768864,0.8854147905623186,0.8854147905623186,0.9497385880669669,0.8318314153008515,0.8854147905623186,1.0095340610537389,0.8851554807170265,0.8854147905623186,0.8848317790599008,0.8446922567250499,0.8854147905623186,0.8764406550090464,0.8664131233505947,0.8854147905623186,0.8760779920073187,0.8698007212514959,0.8854147905623186,0.8854147905623186,0.8854147905623186,0.8562697878468974,0.8854147905623186,0.8784780261396865,0.9540171310012099,0.8854147905623186,0.9561934376316295,1.0189506405922215,0.8854147905623186,0.9559721317067607,0.8854147905623186,1.1315336412070294,0.9817343968270521,0.8796414635524746,0.8854147905623186,0.9318121790297219,0.9374451291180069,0.9642271158206794,0.8854147905623186,0.8854147905623186,0.897513036390836,0.8854147905623186,1.0443210423116935,0.9729000473897393,0.887681381793089,0.8854147905623186,0.9970653918748728,1.019678547189957,0.9895684447293588,0.8861714056184646,0.9265498564971427,0.9897152024116147,0.8854147905623186,0.8854147905623186,0.9440642438957024,0.8854147905623186,0.9450295646348453,0.9151197622102015
20241106-297-Diluted-QC3,0.2993613446546249,0.2746151889787719,0.3446538853578441,0.30015768051427716,0.9466957649968551,0.9646217730849916,0.9918532634245699,0.9833325441951837,0.9573929360253692,1.1244740441764065,0.8006001373177261,0.9288559289987806,1.2258574466347116,0.8737650994318878,0.8886864130118689,1.0883501959809851,0.8540571852663912,0.8960741243285516,0.8876221636420937,0.9237156326172418,0.8766477224135436,0.8692717567965967,0.8246358552186938,0.7822753754710117,0.8803013130641092,0.8707099882838973,0.8857924640407936,0.8779325674138482,0.8674902535106253,0.8704297007650694,0.7592627800924128,0.8716470052545546,0.7127000763057811,0.8990596473270428,0.8870198738917825,0.9466957649968551,0.8494446992509083,0.7489127902725461,0.9151013600152198,0.7893077676583073,0.8283787276293353,0.9351875810828457,0.9466957649968551,0.938203127660497,0.9466957649968551,0.9466957649968551,0.9078257119209852,0.9466957649968551,0.9466957649968551,0.8618184256787778,1.0294040742842319,0.9466957649968551,0.9041218511410695,0.9466957649968551,0.9466957649968551,0.8371292981483798,0.9466957649968551,0.9466957649968551,0.8982081759286534,0.9000427634597007,0.8734250700647194,0.9466957649968551,0.939093205511111,0.8829737744556843,0.9466957649968551,0.725716271813406,0.9089810622678198,0.8564944123558711,0.8655563586164287,0.9466957649968551,0.8331030756181089,0.9338990129326102,0.9466957649968551,0.9466957649968551,0.9086124616017616,0.9404586331519383,0.8262137278086327,0.9244958772897456,0.9466957649968551,0.8172517272339893,0.9433193064699296,0.9233874661127869,0.9164075098325789,0.8504730452466034,0.9466957649968551,0.9466957649968551,0.9466957649968551,0.8311492551373166,0.8772375981166974,0.9466957649968551,1.2696605843737763,0.833752898712686,0.9466957649968551,0.8756172000000633,0.9466957649968551,0.9407158442114477,0.9466957649968551,1.1992270678574153,0.9268889311685021,0.9364809867461871,1.1256371655484614,0.9466957649968551,0.8825780515004419,1.1037692497342542,1.153804753620863,0.8303022798616649,1.1245024352980266,1.1240821434343384,1.2274116015617729,1.3009229715872026,1.1846060295033438,1.2417043266093928,1.246866848456884,1.2244545023523876,1.1633827362047764,1.1634140606348906,1.2618938627437948,1.0187868101045532,1.1981849817111265,1.1575874880120416,1.1265785417953889,1.2145427791104149,0.8634009027744765,0.9466957649968551,0.8766201476628889,0.8226290843722772,1.1366843315649608,0.876823083738223,0.9466957649968551,0.732444594342535,0.8538138575973616,0.9466957649968551,0.9466957649968551,0.8995572834900539,0.894151995092833,0.8693163869152283,0.9466957649968551,0.9466957649968551,0.9339345485851073,0.9466957649968551,0.7780676393782461,0.8615668533883194,0.9442784873979775,0.9466957649968551,0.8406855150340201,0.8220418432857074,0.8470545286235075,0.9170394889892693,0.9046663022104838,0.8469289250568834,0.9466957649968551,0.9466957649968551,0.8878828299141989,1.1727919708192194,0.8869758829342104,0.9159658299438922
20241106-297-Diluted-QC4,0.9495115087863503,0.976810660824151,0.9495115087863503,0.9495953916292754,0.870720280451198,0.8988593285279122,0.9054251593426687,0.9140332524865964,0.8968140437009136,0.8718472126251263,0.9495115087863503,0.9495115087863503,0.8986164276308494,0.9495115087863503,0.9495115087863503,0.8914033790077831,0.9495115087863503,0.9495115087863503,0.9495115087863503,0.9495115087863503,0.9495115087863503,0.9495115087863503,0.9495115087863503,0.9495115087863503,0.9495115087863503,0.9495115087863503,0.9495115087863503,0.9495115087863503,0.9495115087863503,0.9495115087863503,0.9495115087863503,0.9495115087863503,0.9495115087863503,0.9495115087863503,0.9495115087863503,0.9495115087863503,0.9495115087863503,0.9495115087863503,0.9495115087863503,0.9495115087863503,0.9495115087863503,0.9495115087863503,0.9495115087863503,0.9495115087863503,0.9495115087863503,0.9495115087863503,0.9495115087863503,0.9495115087863503,0.9495115087863503,0.9495115087863503,0.8732222327843774,0.9495115087863503,0.9495115087863503,0.9495115087863503,0.9495115087863503,0.9495115087863503,0.9495115087863503,0.9495115087863503,0.9495115087863503,0.9495115087863503,0.9495115087863503,0.9495115087863503,0.9495115087863503,0.9495115087863503,0.9495115087863503,0.9495115087863503,0.9495115087863503,0.9495115087863503,0.9495115087863503,0.9495115087863503,0.9495115087863503,0.9495115087863503,0.9495115087863503,0.9495115087863503,0.9495115087863503,0.9495115087863503,0.9495115087863503,0.9495115087863503,0.9495115087863503,0.9495115087863503,0.9495115087863503,0.9495115087863503,0.9495115087863503,0.9495115087863503,0.9495115087863503,0.9495115087863503,0.9495115087863503,0.9495115087863503,0.9495115087863503,0.9495115087863503,0.9495115087863503,0.9495115087863503,0.9495115087863503,0.9495115087863503,0.9495115087863503,0.9495115087863503,0.9495115087863503,0.8753758269019747,0.9495115087863503,0.9495115087863503,0.8693197335964262,0.9495115087863503,0.9495115087863503,0.8338419798179507,0.8669572479136062,0.9495115087863503,0.8300779060012651,0.8398951999545395,0.8255092651026372,0.7816105852658565,0.7718669806192193,0.846072080999056,0.8505201431962427,0.8091994114454126,0.8307987212716154,0.8509683469869684,0.845973046850296,0.8573924441019307,0.8073975095851643,0.7941541428200346,0.8048818037109876,0.8106166876905552,0.9495115087863503,0.9495115087863503,0.9495115087863503,0.9495115087863503,0.7248431870894626,0.9495115087863503,0.9495115087863503,0.9495115087863503,0.9495115087863503,0.9495115087863503,0.9495115087863503,0.9495115087863503,0.9495115087863503,0.9495115087863503,0.9495115087863503,0.9495115087863503,0.9495115087863503,0.9495115087863503,0.9495115087863503,0.9495115087863503,0.9495115087863503,0.9495115087863503,0.9495115087863503,0.9495115087863503,0.9495115087863503,0.9495115087863503,0.9495115087863503,0.9495115087863503,0.9495115087863503,1.0583771801782207,0.9495115087863503,0.6148846866709877,0.9495115087863503,0.9495115087863503
20241106-297-Diluted-QC5,0.8883752867263227,0.8702379725472257,0.9586755386161674,0.8702379725472257,0.9450834778157648,0.9561022147043435,0.9247188536076953,0.9200869234886205,0.8702379725472257,0.8702379725472257,0.8702379725472257,1.037779180812245,0.8702379725472257,0.9573160639387521,0.8765213777242514,0.8702379725472257,0.8702379725472257,0.9201794195913456,0.8702379725472257,0.8702379725472257,0.8702379725472257,0.8702379725472257,0.8702379725472257,0.8702379725472257,0.8702379725472257,0.8702379725472257,0.8702379725472257,0.8702379725472257,0.8702379725472257,0.8702379725472257,0.8702379725472257,0.8702379725472257,0.916654225905484,0.8702379725472257,0.8702379725472257,0.8702379725472257,0.9823571207381112,0.8702379725472257,1.067222221887994,0.9263469137378467,0.8735605812408522,0.9691339901279702,0.953608633894716,0.8702379725472257,0.8734630438384036,0.9002549413515926,0.9072183555690988,0.8702379725472257,0.964431560197117,0.8702379725472257,1.3569860061269396,0.973006896438291,0.8702379725472257,1.074167915719131,0.9516320201969016,0.8702379725472257,1.3199295781310938,0.8702379725472257,0.9605016484583572,0.8702379725472257,0.8703443010387393,0.8916092927872786,0.8702379725472257,0.8702379725472257,0.8752508988667698,0.9705751323248025,0.9398279532518312,0.8768145775861402,0.9339485649143537,0.8702379725472257,0.886377347367641,0.9373472371650191,0.9065030832962442,0.9014351562388381,0.9097739624187935,0.9654439273361579,0.9304963826332712,0.9365062968147372,0.881731345926411,0.8702379725472257,0.8702379725472257,0.8910051154598121,0.8702379725472257,0.88857846944778,0.9319207440391661,0.9502818030736512,0.922836676507499,0.8977803310461249,0.8702379725472257,1.0672563872386944,0.8194211410850833,1.1638500133418137,0.8702379725472257,1.202650041721868,0.9226447222355642,1.0538345228816144,1.1934672210673452,0.8702379725472257,0.9338651901136897,1.1148994165301784,0.8802056025910412,0.8702379725472257,0.9523575415731714,0.8815144376032684,0.8702379725472257,1.2055683523959269,0.9744896399784816,0.8777763319540817,0.8928048849045728,0.9575915283316356,0.8830204834133594,0.8758431883312526,0.8702379725472257,0.8962925091595745,0.8702379725472257,0.8702379725472257,0.8705547691208292,0.8702379725472257,0.9110878091668861,0.9095952288733994,0.9087881064448785,0.886139355147775,0.8903855995933047,1.0943247999060375,0.8702379725472257,0.8702379725472257,0.9487664880164374,0.8702379725472257,0.8702379725472257,0.8702379725472257,0.8982675459525045,0.8702379725472257,0.8702379725472257,0.8702379725472257,1.0760924049159033,0.9324280636089803,0.9262613770704617,0.8702379725472257,1.0430995607462576,0.8702379725472257,0.8702379725472257,1.0710123279300137,0.8702379725472257,0.8702379725472257,0.9147803022362674,0.9019094206566767,1.0275181164845795,0.8702379725472257,0.9321978291686611,0.8702379725472257,1.0735760676352961,0.8702379725472257,1.1774032076286836,1.4701562841688973,1.157416932094914,0.8702379725472257
20241106-297-QC1,0.8962077489258287,0.8962077489258287,0.8962077489258287,0.8962077489258287,0.8962077489258287,0.8962077489258287,0.8962077489258287,0.8962077489258287,0.9119120538355581,0.9400283240287967,0.9164614896681891,0.8962077489258287,0.9210367699870907,0.8962077489258287,0.8962077489258287,0.9383137779937881,0.9709940445254629,0.8962077489258287,0.9518782022960389,0.9065789808521781,0.9249633949039867,1.103880424943562,1.0631673079420783,1.1174712481740119,1.0149553251783785,1.0049947086015978,1.053348977424814,0.9907890247169614,0.9672640521977836,0.9536581876012061,0.9048437108782337,0.9800200752468096,0.8962077489258287,1.0831753366782775,1.0756534022299604,0.9695228009954459,0.8962077489258287,1.0672009252285077,0.8962077489258287,0.8962077489258287,0.8962077489258287,0.8962077489258287,0.8962077489258287,1.014415835939948,0.8962077489258287,0.8962077489258287,0.8962077489258287,1.0111784159562973,0.8962077489258287,1.0073117531827251,0.8962077489258287,0.8962077489258287,0.9475328974153796,0.8962077489258287,0.8962077489258287,0.9488131160206908,0.8962077489258287,1.017220414065869,0.8962077489258287,0.9020791475460443,0.8962077489258287,0.8962077489258287,0.9989068012220479,0.9426232758698756,0.8962077489258287,0.8962077489258287,0.8962077489258287,0.8962077489258287,0.8962077489258287,0.9321421750561023,0.8962077489258287,0.8962077489258287,0.8962077489258287,0.8962077489258287,0.8962077489258287,0.8962077489258287,0.8962077489258287,0.8962077489258287,0.8962077489258287,0.9151390854647343,0.9200251021171844,0.8962077489258287,1.1276114474061394,0.8962077489258287,0.8962077489258287,0.8962077489258287,0.8962077489258287,0.8962077489258287,0.9874285749231525,0.8908109980109824,1.014920464346051,0.8962077489258287,0.9046366051767639,0.8962077489258287,0.8962077489258287,0.8962077489258287,0.8962077489258287,0.9005084063048208,0.8962077489258287,0.8962077489258287,0.8962077489258287,0.9044696413822532,0.8962077489258287,0.8962077489258287,0.899369615340336,0.8962077489258287,0.8962077489258287,0.8962077489258287,0.8962077489258287,0.8962077489258287,0.8962077489258287,0.8962077489258287,0.9147511077745212,0.8962077489258287,0.9952268448567276,0.9029821115859348,0.8962077489258287,0.9059363676293211,0.8962077489258287,0.8962077489258287,0.8962077489258287,0.8962077489258287,0.8962077489258287,0.8962077489258287,0.9510094698159467,0.9683748107025664,0.8962077489258287,1.0531016545288174,1.0345932216705573,1.097225384841313,0.8962077489258287,0.9249291194699105,0.9947860885380733,0.9156956357319295,0.8962077489258287,0.8962077489258287,0.8962077489258287,0.8966655229933589,0.8962077489258287,0.9145092165280415,0.9455208687592088,0.8962077489258287,0.9262974739046834,1.0137417003810407,0.8962077489258287,0.8962077489258287,0.8962077489258287,1.0561125083483673,0.8962077489258287,0.9072550900452687,0.8962077489258287,0.8962077489258287,0.8962077489258287,0.8962077489258287,0.8962077489258287,1.099202140558003
20241106-297-QC2,0.6434862786446454,0.6027727622507691,0.6900547193953884,0.6457170297139211,0.8474726934530772,0.8990553090626666,0.8983848871210351,0.9113260696574929,0.7633121389511884,0.9731131391911674,0.8673602210605004,0.8193863256954635,0.8292855703113411,0.9765227333714154,0.9253467454010922,0.8492304464241451,0.8644286610725306,0.9055561145780769,0.8963109971154308,0.8893684819330173,0.8960598287578885,0.9563508239681621,0.8458820369700112,0.9409543732968773,0.8922947453342991,1.0001388515866563,0.8790358057587601,0.8870466650134525,0.9309681617636568,0.8977375846262282,0.9265396277108662,0.8962728125844522,0.7108956712560347,0.945584143497386,0.8668016700866228,0.845668848794528,0.9232687178465935,0.82424077640944,0.9383916369312026,1.0633243082065496,1.0186839284418008,0.9574302286545939,1.0676107622576938,0.9252640918291947,0.996349655679715,0.9283218193258559,0.9477339050658642,1.0343832245430447,0.9654153045716687,0.9836050468451407,1.1076739883366096,1.0250730015470069,0.9759852986309674,1.0862721363688324,1.0554818018376866,0.9699372230802863,1.07970383281209,0.7958976306851964,0.9864409229608216,0.9036550260240699,0.901953109103749,1.0171598643981303,1.0051804597328515,0.9585329123763381,1.0228188283648119,1.1240082560463698,1.058480535916543,1.1137689308931702,1.092610633957255,0.8248795795827526,0.8772898664574925,1.0617315813679449,1.0298033078610762,0.7925314502418008,0.9786312452494272,1.1720078214807983,0.9949796265108912,1.0793945263931348,1.0297492174231273,0.9286934879252977,0.9576364695576165,1.0887341126207033,0.8994403121717343,0.8949265384138761,0.9109836132831328,1.0580744010351373,0.9399506458177984,0.9280163856860665,0.9448738740204566,1.243903349304823,0.7718424869245002,0.9711284206714352,0.9318733702398305,1.0231007085619532,0.9938192628528529,1.0793341257424096,0.9160059738469135,0.8404959271997904,0.9589945292759404,0.872933794248113,0.772997706508693,0.9301958394960425,1.0845833093410213,0.8267804411660267,0.9191984935264448,0.9090784919258649,0.9062697178236737,0.9262654567383775,0.8795123525409754,0.8843424363787478,0.8871686986300157,0.867531078831152,0.851661286366678,0.8683127309937025,0.696093673193345,0.8701644993826617,0.8285603934695474,0.9136302089807056,0.882050620439723,0.833403854328759,0.8929597924163495,0.8461443528152236,0.894871357519336,0.8919833537849093,0.8632835459646692,0.8445457075205325,0.6721124698836093,0.8867380269669066,0.8586287356889712,0.8084713993648035,0.9981919455500535,0.9875181661812685,0.8634450450946339,0.8910085862142946,0.9058166782313346,0.9023876832216644,0.9538783575891342,0.988055236497492,1.0695723611847814,0.9228043714085049,0.9141056538117233,0.9049445469375956,1.0411111545436547,1.031051287152947,0.8997305813320157,0.8689938278907926,1.0043688212788342,0.9475478948818085,0.9785301636067931,0.9113085768096155,1.0485480022122171,0.8663975945640725,1.0297167173709862,1.1122930820620787,1.0142321126373004,0.8690462914027578
20241106-297-QC3,1.0219685199908124,0.9292955620715572,0.8962004165392248,0.9160487621593395,0.820388195366129,0.8481142611766205,0.8372018579679618,0.8555223300536168,0.8055347686798133,0.7942593357153435,0.8815126298186805,0.9249384905228191,0.8079851898739416,0.9465438159766404,0.9048332266559121,0.7942593357153435,0.9587504999030038,0.869824732360444,0.9280578767897443,0.92157103245042,0.9330701863843358,0.927107721471649,0.9023757708249892,0.9222943709263494,0.9753673184190558,0.9944030806634309,0.9192444606663197,0.926846876303719,1.0325252958535363,0.8917518465574448,0.8354351061652022,0.9125662906285673,1.084197764536339,0.932062700641704,0.9205591108351683,0.9142417379021104,0.9695603692663269,0.9216634872617365,0.9991612780683315,1.0683446584536553,1.0024684663338543,1.0114084103843424,1.0291957541215568,0.9038297915837046,0.9759326088550085,0.9014352971337959,0.9304959212351287,0.9097304864852885,0.9850773927581471,1.0150829083008468,1.3093922334882355,0.9535516899584506,0.9961361119484818,1.2036715502946587,1.0150219504299651,1.0179427490286157,1.2371817045301583,0.8441002866381583,1.0222325017390494,0.9983863957520094,0.9351306455712957,0.9798928877724745,0.9014338624325101,0.9661528311433071,0.9091668982058554,0.8253821577510484,0.9777755586537235,0.9278019352986053,0.9637259000906228,1.0101700433721712,0.9363586751903573,0.9110199334149803,0.8327812373581817,1.026031859458983,0.9327897969320795,0.9064246652149801,0.969647369647719,0.8784352488265512,0.864779622811166,0.9100167156612978,0.9855646931269983,0.8517858803898812,0.882187727664175,0.861695567138691,1.0055607212882334,0.9188869858697307,0.8963330353809191,0.9110727756670671,1.035229855096166,1.2379426402279232,0.8133011419019355,0.9111802673502096,0.9239280147199928,0.9377585050553534,1.0069518016111003,0.8837953615265923,0.9626738064776914,0.8366798698102026,0.9743764879337241,0.9433759945706305,0.8659339897324139,0.9337349964848601,0.9056859478366681,0.7983783514372831,0.84335411695071,0.890552074278313,0.8318382257492302,0.8261698796075154,0.8039474720627015,0.8094790430245183,0.7942593357153435,0.8142491104848995,0.856512998061826,0.804876172732489,0.7942593357153435,0.818366253082622,0.8611035355790343,0.8407660657040886,0.8338841756762556,0.8200790915631315,0.829904169238709,0.8561290270790134,0.8891301926982463,0.9730427458402976,0.9164101503417503,0.8424447092180708,0.7942593357153435,0.9473658671696241,0.9078941024921836,0.8623060388819309,1.0576587740379617,0.962582859365778,0.8963397224277578,0.9456786755339317,0.9354849522486245,0.923584278529842,1.0094307523944568,0.8281031738567641,0.7942593357153435,0.9318145711728707,0.9737783023257804,0.94915860423792,0.9617818046357149,0.8945762176068237,0.9496329620778866,0.890825455523207,1.0555997558116994,0.9188576174012717,0.9365103133532702,0.8924054472808077,1.0027051139281553,0.9797385985844533,1.0375857761539706,1.4649263806081585,0.9506095541530044,0.8252765893642033
20241106-297-Dunn-20,0.9936890023109378,0.8595322463196463,0.9428209947084928,0.8952691285649979,0.8106573601589949,0.8673532562417756,0.8658722241447707,0.8633579253889436,0.902017906479757,0.8894119338542756,0.9583077235972708,0.9676412035835826,0.8526867755136636,0.9638639716541216,0.9439254025803334,0.8895525643667833,1.0192688224597404,0.9854127985357971,0.856668265920496,0.9877981618088792,0.9885983067985739,0.9485899867873102,0.935714812265851,1.015076688737219,1.0001508833284856,1.0036471770024329,0.9606366233445932,0.9857470125524634,1.0628669199797578,1.0141632423004496,0.9940196018081151,0.9824334231342824,0.9885337567567339,0.9258153261539213,0.9268454609461484,0.8676450448565552,0.9449019859469816,1.0082186729307006,1.0588063146803042,1.0330349806471508,1.0014154170528766,1.1702265979277435,1.1076140035839976,0.9746129520191631,0.9013743089813587,1.0247434588757194,0.8927079325456663,0.9565441290744837,1.0933328432310414,1.0273559021275167,1.0128395827367165,0.9518543072446835,1.014359904468254,1.0449118215755755,1.053411505234184,0.9758054810314789,0.9410355678326733,1.0423317106865897,0.9487297788830795,1.0107689118890713,0.8769393606968315,0.993843887495634,0.9818762516291196,0.9352699070591682,0.9795730072825377,0.8371344978477262,0.9469562641369099,0.8701133140338558,0.8929927658605129,0.9977779710073575,0.8797399871368049,0.8616446605510985,0.8251001505209946,1.0704045189771685,0.8789671420526054,0.8831595570379475,0.9234192806790322,0.8464414804207523,0.8604079040183645,0.919077504329726,0.9178151617506699,0.8984596718214684,0.922832155274904,0.9333138501950322,0.9211590465338433,0.9659442457596835,0.9077472578394639,0.8707357751364326,0.9784110181889698,1.2237930927480865,0.7619119996349593,0.7018628178216114,0.9634152491336271,0.7736202172996547,0.9681605379482605,0.9865014449885089,0.7866404981358162,0.7680079282586064,1.0242410864336213,0.9702392292003733,0.8434976529467926,0.9073145678417429,0.9195751055666043,0.7851981047645888,0.8424060790011172,0.7137473457012621,0.905417413237151,0.8062192442072785,0.8081112654179458,0.9018925041862124,0.7765672711521096,0.8267875103893788,0.8344539906542112,0.8331205599120524,0.711594680999745,0.8231235039501815,0.8779316321166771,0.816690506035654,0.881279493886241,0.8680464000223213,0.883638044552184,0.7996921396739893,0.9254172341851574,1.092647396422358,0.8731953008404385,0.928394968731134,1.0837516790446406,0.9264827406631964,0.8169828926078124,0.9604534422659399,1.0488455138675048,0.8265300359937278,0.9579547427575811,0.8821973573476215,0.9462347587900959,0.8298185119504243,0.9664073601392517,0.7957027744477873,1.027828244533743,1.0127664661252591,0.923714925417702,0.9409292974366166,0.9681294625082211,0.926633946187584,0.8982121604131115,0.9473185667006405,1.0936333836714176,0.9427184720504272,1.013852172740115,0.8496434842358098,0.9710278499772849,0.7258157124450874,0.8725163237232305,1.0835890652188456,0.8478021580712147,0.9026504379586112
20241106-297-French-2,1.1411782146386629,1.0200018545410392,1.0730554385127065,1.074180495552629,1.0001453424786266,1.0044504671818961,0.9926593958581929,1.0137247064600359,0.9151984933144385,0.9298109920362739,0.7165070473706663,0.675054603731995,0.8431495100437255,0.7745945561941621,0.7419653238642713,0.9025429786380722,0.7044925716967854,0.767618179155029,1.154082816868165,0.6966099746400685,0.707131238459815,1.0032999051574736,0.9937424831817425,1.017491520681717,1.075296287042455,1.0117851112157392,1.064374665669177,0.9421230113691226,0.8231892948178845,0.958048493875943,0.7818809251150682,0.9114209031034718,0.9166568805405455,0.961251972927129,0.9983755590397198,0.9037840848544392,0.7041156109628992,0.9067906561850068,0.828394203184091,1.1127713044947964,1.0397150482928519,1.001257607640692,0.9740610882302824,0.9759559189983111,1.1728071573884968,0.8980981658309526,0.9750357887767405,1.0035835954420391,1.0487646953991683,1.143258351723761,0.8415093450526914,0.9584834277620141,1.1167390244024538,0.5485618206118001,1.128140898598253,1.1376037550787643,0.7471109547853206,0.8859687878972853,1.007771671806378,0.8931258617900815,0.9872529168739074,1.0516320907595402,0.9877026906459533,0.9237463983448441,1.0354640118086837,1.0091729655812287,1.0198105271226376,1.0179079829230269,0.9771251180530482,0.7885479089431494,0.9625421154899416,0.931693146326619,0.8949436159957544,0.9616526959089994,1.0361967643172052,0.9053069560598218,0.920344902921154,0.8905035652820755,0.8968578189852928,0.9389723782704005,1.0554563229248257,0.9597686568822577,0.9048518027054849,0.8802198441677241,1.1908601613296994,1.0356305834234578,0.907012938690783,0.8648217231827054,1.1404723134612975,0.8212318110760835,0.8689280757850563,0.6769609595220472,1.1147397618233281,0.6772431558935786,1.1111720464898107,1.0207784574486616,0.7771105829680898,0.8747567122612115,1.0938840844483984,0.9517692356453938,1.0021809840810685,1.056950061680171,1.0048142214003333,0.8912590360675752,0.9149583599488303,0.6704792395451309,1.0110703048481464,0.8972165769699593,0.8912415649584446,0.9385364967869981,0.8774899528618022,0.9435796664974737,0.8948397937538047,0.9451459356674482,0.8222770879143997,0.9357261660257289,0.8781365332417628,0.9507340952866888,0.9104166861685872,0.9132959002520799,0.9188663317871577,0.8926666057301048,0.7831733074212498,0.6739400672643026,0.9730341194241926,0.890466591802604,0.33005702099283796,0.9313125891149678,0.9463053542413227,0.9155194665587639,1.09552559497471,0.9543480319717089,0.915860758628955,0.9709878650593473,0.9313178851351264,0.8147359463403722,0.8646642633526994,0.9180151130650029,0.663993874294261,0.6822579262629498,0.9855363751213312,0.7766757783117249,1.046910480060038,0.9178587129308062,0.9757989480904771,0.9263071181758531,1.1018137868024551,1.0699302396760078,0.9206212515382967,0.9032969368106198,0.8586555274570401,0.7610647154679231,0.842727751304529,1.2956207364543568,0.8120488943847647,0.8504750878434423
20241106-297-LMU-8,0.8366169253288299,0.8618786726957786,0.9323310307852826,0.8833927641655963,0.9642887299550789,0.9410532128694807,0.9494742706787687,0.9544762092617477,0.8425802141795596,0.8881451775442448,0.8876181995480429,0.9849348606417958,0.789905989512296,0.9115925782183204,0.8755387666527573,0.8075019420419377,0.8358894762705535,0.8892063451549745,0.8755845584665178,0.7495215982606699,0.7921254970041987,0.7625848713746797,0.7437309073372594,0.7704024585138021,0.7601535129012578,0.8362595027198405,0.7696997342923894,0.8054194387098831,0.7607876208670342,0.8136161321408518,0.824440157729571,0.808994913357077,0.7691427471295227,0.7672673108612851,0.748121300406261,0.8037693702048903,1.0123213817626786,0.7800663732146057,1.166669981958611,0.8723654394486068,0.9077632688741019,0.9697722624770301,0.9879303047776107,0.818675929959592,0.9236326992151239,0.8476295118212287,0.9341337620571721,0.8680059215599693,0.9217691539330177,0.823851014185908,1.5340132926873429,0.9176818942394596,0.7837543365887697,1.4040193694991034,0.9849472514096616,0.7881416640025862,1.3003060532270025,0.656571571393625,1.0296342710969761,0.9224914574577835,0.789952705021904,0.8643870807751748,0.8371537101118395,0.8029490408151935,0.8564532561058489,0.9481658220748594,1.0335677681140887,1.0017274899679485,1.0118917678885808,0.9786768986695217,0.9144932172531476,0.9853044006088008,1.0121378857962036,0.9513554381152017,0.8771410408465419,1.0547072118946785,0.9519071235822968,0.9723567028661693,0.9194981879585579,0.8667116251890989,0.8320743584869696,1.0087791695990742,0.6515862913548922,0.911122053001833,0.9188491961211028,1.0020017401852057,0.9623353941941105,0.8758157057380328,0.779652254762539,1.7215348500405114,0.8754383521396851,1.3706313756898736,0.8086513629742232,1.2746415374707811,0.8937485124216651,1.0776897410821882,1.403136618123042,0.8430839471103413,0.8559137437267217,1.1799282550691148,0.9183800112319449,0.8392526399550548,0.9937907936019693,0.8603471422528898,0.9687789101031964,1.3308358054581009,0.9608562750250425,0.8905373005768795,0.8673666418065357,0.9213436688422042,0.8678370127325686,0.8929306108036037,0.832306397007484,0.8809291152231885,0.8413249312805109,0.8993386724527973,0.9198214208646684,0.9611587401832167,0.9269304373009547,0.9099615057019381,0.9196772283010534,0.8517224634600638,0.8834392633962225,1.050043741224525,0.7661987837220869,0.7811447086311369,0.8470932843220192,0.6929738295363286,0.7796964492726016,0.7545602314211961,0.8762006843440172,0.7879669208600645,0.7868976034578476,0.9310476784565954,1.0925728785361026,0.9277995750169784,1.1025132408327956,0.9307816980716881,1.0269431991032327,0.7869240425973851,0.8249348947259645,1.0692326025835126,0.9317929274165011,0.8444918629125342,0.9945117459976354,0.8952529631898736,0.9996937787594986,0.7413166100194568,0.9556064062040007,0.8363909309771508,1.0918144913882535,1.2914020521749092,1.435809909988142,1.52900198393796,1.3318743850684052,0.7235844788263055
20241106-297-Dunn-17,1.4027224336398179,1.2112779055678637,1.2180652254100592,1.2390153792910592,1.0635570141416921,1.0574235824560192,1.030346958495686,1.0239241797456153,0.8322770484011888,0.9294432132278059,1.0705008023880145,0.8905427521358446,0.8077883557185185,0.9957759233990451,0.9338681591646932,0.8521901140921261,1.0856717174403072,1.0021768208892117,0.8361579431624796,1.0679791740598807,1.069030745387453,1.0216132109846934,0.9712572674378209,1.0502178729655534,1.0228083867212816,1.074264213600236,1.018831382900529,1.058732701931231,0.9368425481757817,1.0380217059455934,0.8670753564443147,1.0409940855375532,0.9162161382562003,1.0055091969558023,0.987914300691752,0.770502306612184,0.8707172297342627,0.9480434331743831,0.9324591733221418,1.0778450404248816,0.9601432294519548,1.0470165841101213,0.9842544611684927,0.894924494186108,0.8826862069141311,0.8846867252301384,0.859377968501447,0.9611624861279576,1.0032058309547207,0.9737001718146887,0.9483990241063449,0.9539859176638329,0.9625231457103667,1.0346910351251175,1.0385611420517156,0.9583250046492826,0.9215345766985825,0.8516967531719787,0.8965445853428785,0.8750681187342683,0.7319092536299758,0.9647348630324094,0.9490527169066822,0.8085598791493158,0.9604983191398767,0.8665282701117524,1.010850285991703,1.0291180271909792,1.0277746630815396,0.8690275843590236,0.879144702154465,0.9607024562318468,0.9326352169598908,0.9377790939122416,0.9005402852765944,1.108739293118596,1.004540299007868,1.0110881553536557,1.022411326548462,0.9611951139574885,0.846361421263952,0.9970007999306233,0.8951984624492868,0.9011591172020262,0.8040833461411016,0.9758928053267307,0.8324975183453184,0.9496056468452942,0.9830883663554103,0.9061431200822008,0.8361407142365546,0.7956877104511773,0.897084816525656,0.8153174789275104,0.9673564704633767,0.8984816992260192,0.6867141699663778,0.8028143510229339,0.9661616083474162,0.8804757803527676,0.829944133116467,0.8474310250519121,0.9905131827027094,0.8206153508492707,0.9183419102786814,0.7198206242517283,0.8754428237602944,0.9321816770682746,0.8245037312434499,0.8344759842338204,0.7984546039422542,0.8673229329552496,0.8616685343064681,0.8895245740655445,0.7469462348880705,0.8645148100854724,0.8487193068676191,0.9224559387371372,0.847196347518687,0.8090173805286868,0.8381390330571348,0.8067846657898857,0.9555647084280819,0.9467959343110676,0.8213912791760553,0.8933009658894524,0.5905017394230556,0.8783622410392191,0.8016197495622308,0.9609356660246995,0.9605946684472227,0.727631407157241,0.9485069833929252,0.9411467347273647,1.030936699414139,0.9198056167460883,0.9917799348337104,0.9567249139570563,0.5968181764543116,1.0562299913933089,0.9321335214010205,0.9619424377080519,0.967634057436316,1.0367479628538314,0.9480191527044451,0.9151527758237646,1.1198162161259357,0.9923058069043172,0.9826767964796779,0.9043198417102861,0.8744496744123325,0.6493050433825903,0.8532828949102659,0.5360144230636473,0.8330867731377984,0.9125522946648627
20241106-297-Dunn-7,1.0949059261023544,1.0588508127937895,1.0811428938927476,1.0605259507087565,0.9482053228941808,0.9853330052394301,0.9429820663482805,0.9583466305041467,0.9277538486502597,0.8665290973456483,0.9740088756266244,0.8989040140900809,0.9109220441480333,1.0119023005828305,0.9443759648107495,0.9388964110895169,1.0296476331461402,1.039371606822226,0.8532530109861284,1.0496417112869645,1.083179026179568,0.9976048718352435,0.9812426041523957,1.062249168731055,1.0403259640491096,1.073614779450801,1.0142726187458677,1.0363981441018932,0.9972203353042051,1.0425803266929639,0.9804748378433,1.0100247021328865,0.9271949937324321,1.0028164391741297,0.9706774624251732,0.8466534609243018,0.9076028743469322,0.9510583504682837,0.9850146031484801,1.0339524685731327,0.9924019298356194,1.0267937390493154,1.034450914034412,0.9647428761822302,0.8988587972572569,0.9339440728013164,0.8975569624439974,0.9391817682200494,1.020001608311571,0.9419111269282746,1.0873108221860983,0.9784829352291589,0.946241870463697,1.037820972535637,1.0327523662923428,0.9396209446521767,0.9841691470773895,0.8312759300633602,0.9701820394506843,0.9766491280290375,0.8334712210732707,0.9395869793773817,0.9669772914867557,0.8030010012174759,0.9696159926956569,1.029283044103518,0.9327657460676972,0.9960276859725279,0.9999547968238108,0.8763835880829914,0.8972291305876882,0.9677575676097685,0.892586982556707,0.8618491072038308,0.9093563466588629,1.0041412503585085,0.9678273912209221,0.9632754794530822,0.9565442089899554,0.9540682519335484,0.815720782558553,0.9148087580137605,0.7995334610356941,0.867521742003682,0.806385210068866,0.8900136890175346,0.8505161275029743,0.8939262668649322,0.962075517187919,0.9919683512138833,0.8086601902090129,0.7489427287747188,0.8935736126389487,0.7591562932265798,1.0127100259253514,0.8942018385766854,0.7319069699338315,0.9016254809895546,0.9536517648816148,0.9683828980447334,0.8661023222035568,0.8389139747327399,0.9734252707743469,0.8135549426843117,0.8011768966670013,0.714635885056051,0.8811960734943909,0.7898962523749998,0.8225234940588116,0.8493565324942838,0.8066612959088492,0.863109978946892,0.8288145058059688,0.8560881044669838,0.7833116180827707,0.8583811863484113,0.8277682701651592,0.8894737060521932,0.7993631185612555,0.7701239992572587,0.8081619425447331,0.7902204274777482,1.0036175534676242,0.9788387267113484,0.8281306570616881,0.9389167297745389,0.9723985760070581,0.9184730302253058,0.8619224542573332,0.9293803710627317,0.9824012910688975,0.6773486158439596,0.9786088821734846,0.874218156565532,0.9565388983133799,0.9020911140998601,1.0006925922765864,0.9596607527434582,0.8156212120185132,1.1189476067245105,0.8695759039812496,0.9556820769460999,1.0154357288320222,0.9581318915957151,0.9046672927625755,0.9871884885343823,1.0719738235753078,0.9390529612242375,1.0190615951502546,0.9004712479744893,0.9190322817674651,0.7147628416225782,0.9314331945460687,0.8068893552911139,0.7815521754868116,0.9423157986036087
20241106-297-French-18,1.2779044825393133,1.4151193835635438,1.452938748567773,1.4234596566855284,1.3547201288750679,1.2566124264961454,1.303452252240734,1.274467001393207,1.1197584722978897,1.1759928773462636,0.9063342951622405,0.6084645098421185,1.0904307345215603,0.8205851116639531,0.8448159301604634,1.1454849233322943,0.7493330765061962,0.8804637204387215,1.1137740444578645,0.7698608042932672,0.8007891985040742,0.9849341277513504,0.9862916324074396,1.0049865580475374,0.9948583723981124,0.9657129535295861,1.0299826515046098,0.8666387648751641,0.8107701404105366,0.9809261565673177,0.8766515568784388,0.9483413793337496,0.7701019478807605,0.9799619770793226,0.9789059557966934,0.8810260181985836,0.6213875679545293,0.8716520529792554,0.6729283871984626,0.9635961498244657,0.9925466416206071,0.811226704455631,0.7623478152659139,0.9653437006433142,0.9441266520438983,0.6966122019278317,0.9290187833383465,0.8815773218888273,0.8416050328424396,1.0014471944616896,0.8740731148678821,0.8717970438269739,0.9870565175484823,0.760430190610034,0.8524708659957089,0.9834591084524246,0.595845785378512,0.8483223441608395,0.9028778699270793,0.8095257378804414,0.9632828084628332,0.946440785332244,0.9890324403410149,0.8644325671411794,1.0095898165254789,1.1328853211142285,0.9112637388556729,0.9705661231031306,1.0143268602153457,0.6428703114787963,0.9198409865359998,1.0114973045083673,0.9891071594518267,0.7675578423799438,0.9305111786938076,1.1097050567050246,0.917796531014762,0.9055024179778026,1.0147799280059846,0.8711357191471065,1.0282046214187357,1.0525097098648148,0.9049834212646148,0.9023187558910526,0.9366964780586853,0.9764181426440826,0.8692263424305758,0.8907809395294328,0.971250875925375,0.6329942590859752,1.0795993741690222,0.6070548030712272,0.9848950128156709,0.6080908368377428,0.9553276037567303,0.7524429548773672,0.7202724655627507,0.9443327853495106,0.9719146231921015,0.7943390042400013,0.9539075598128578,1.0585324067753683,1.054902636702886,1.0183019909775861,1.0544032463398043,0.6624360248483198,1.037468958245651,0.9728889753051383,0.9823783376061478,1.0271855582198206,0.9499829365106701,1.015510318590135,0.8998132589548554,1.0070858788202872,0.9776165420981339,1.0430222904563247,0.9882000163627064,1.0006189074282879,1.015602564183302,0.9248301093432506,0.9534552882829893,1.045467678473227,0.772080962862791,0.6512374444571828,1.1577306015244173,0.934787405447528,0.6310515641240301,0.8470815816937194,0.9468595300690179,0.8206507722661622,0.9069461555353372,1.0806875773705942,0.9582059607042287,0.8404730347103706,0.8122060390147614,0.8590169361481055,0.8258908903054327,0.9114328938850638,0.8906285490785766,0.7133503648309896,0.8700240596885992,0.6881481321516737,0.9698528600221604,1.1011497858477377,0.9545828946729413,0.9227918436807884,0.8613305988047419,1.0276410311588275,0.7644588001645044,0.9088728353318309,0.8391138108773464,0.8723411684342616,0.7130896617395549,0.639600831892408,0.6471946375455567,1.0522581947199763
20241106-297-Dunn-1,0.9144501390542789,0.9478551763176382,0.9532745714684174,0.9175057345555281,1.0513031733985654,1.0278285353672616,1.0150329157345663,1.0379031518082282,1.0205728348056942,1.0428150252695692,1.0710795345446467,0.8871806090346644,0.9597560799912332,0.9953485463423565,0.9773235522492161,0.9815220222821098,1.1139520644483736,1.0921804974954248,0.8964652965703429,1.0665283224701323,1.103807083469952,0.986652777337117,0.9992775589342267,1.0396297860244943,0.9895033483206849,0.9686544061824343,1.0266018819827887,1.0305548236447282,1.0104108654691348,1.054445511175103,1.1439406848484053,1.018139942995728,0.9107640464882011,0.9792761547146271,0.9822891649423607,0.8078617700196494,0.8269825492467963,0.971930447621727,0.9031949521942524,0.8869322059573451,0.8899763012905954,0.9856616872913401,0.9825356575547702,0.9820787197524756,0.8530923026531608,0.9137797461845442,0.8816774041718098,0.9351802821853804,0.9202269806486277,0.8782963458966778,1.1996032247850748,0.9068670196465377,0.8752822971803318,0.8597144118043206,0.976365331336459,0.8773317636062357,0.8025806943432554,1.000226104408698,0.8987411623490063,0.9528078326423508,0.7601119906307668,0.9492080824491105,0.9921296806901321,0.8365279970539936,0.9746022368138612,1.053500639370652,0.9022352596595418,0.9874756426067798,0.954509051163289,1.017147334623248,0.8891320132683532,0.9545197387550547,0.9202534276745463,0.948821927351929,0.9014858506880817,0.9696142492786811,0.8911940003340432,0.9572800939014663,0.9312115959536204,0.9561932385846067,0.8334573151559117,0.9674952675547495,0.994486574108964,0.9798729354492447,0.7848561891801382,0.9116538019391708,0.935076254125557,0.9034849347782773,0.8563070648411693,0.7604621794009804,0.8676959891748579,0.7493936393129004,0.9604689578965823,0.7320572645057107,0.9086245886674388,1.0951084848559696,0.7620042624696146,0.743398985966524,0.9355863660358715,1.051682035844006,0.7442623436892938,0.8599471122299022,0.9725706603390174,0.8981020994388059,0.8808038281001769,0.8051512846273942,0.9262339778611253,0.8645028988568065,0.9162494868940705,0.8410369922698401,0.9590088501669569,0.8964302198363889,0.894318889982281,0.894881873977615,0.7503171110266855,0.8781079276329736,0.7950442131836984,0.8112978815758276,0.8272904324565012,0.8359257937317734,0.8463396584595636,0.9359957497174931,0.963328702043642,0.9589662888139648,0.8503975079652683,1.0279376844077843,1.1017409951941266,0.9298264875884412,0.8762883808504404,0.9708621100669939,0.9066543343825662,0.8675312769044938,0.9228610696947473,0.90069100366629,0.9671778748943196,0.9423121722471002,0.9711232456897576,0.9837321554609789,1.0175249052661783,1.1125291669162511,0.8619844113204085,0.8955879533670504,0.9392919196342722,1.0758987623855047,0.8374971065127614,0.9361855301905946,0.9283543392005,0.9379505484378152,0.8963546512441092,0.9174564561493729,0.9649828803352205,0.6971602446656722,0.7854474278345545,0.25877045315242203,0.8182969305398725,1.0686811390133713
20241106-297-French-25,1.1725180610657366,1.1894212477553396,1.1579283296223253,1.1264013084321773,1.2508440030650714,1.1660568870487882,1.162731007849039,1.0946986639559755,1.033892968378912,1.2696412739322729,0.8835871980991629,0.6889514116829856,1.0692174030880692,0.8275686730673536,0.7766604225234952,1.1573003040371495,0.7684376924545782,0.845555876720603,1.094588982567678,0.7447759124655959,0.7662733532044651,0.9935298603741262,0.9471591185544321,0.9798034799051459,0.9980568995250488,0.9697697502416737,0.9836570583901848,0.9269427986450786,0.8137016037296309,0.9394563530066395,0.9285570905188059,0.9450941232091393,0.761501626650196,0.9948374047904979,0.9533271087358388,0.8614001685695862,0.7332964545768331,0.8200910683578724,0.7259339873827128,0.9234435326835461,1.0192232144741813,0.8348631689971947,0.8154379839207605,0.9310712718766713,1.0135459497932695,0.8522584758615667,0.9353330892406627,0.8806260281783237,0.9486662712229976,0.9992304641616846,0.9529270866970229,0.9303430845492445,1.0130660599539354,0.7150767717871356,0.9559623327373649,0.987433626630018,0.651349997295603,0.6477570149941476,0.9193921324523537,0.8294859863712782,1.0133074058681717,0.9546559211745639,0.980210179435155,0.9431688750328325,0.9625874561872512,0.987557001465431,1.0070892043076822,0.9914586147936917,0.8871622651614147,0.7493293774944314,0.9029420191151485,0.8879131174272623,0.9157234338047834,0.8179613093502045,0.9412362997369189,0.960316475458974,0.8220554016803417,0.9017035322721231,0.8605570155710128,0.862057207650922,1.044952116383153,0.9624679728353087,0.9928517579266433,0.8668127499318256,0.9831401009434705,0.9348294364385862,0.8821494186799154,0.8355254414835668,1.0297867130872058,0.6073353420027905,0.964716476400291,0.6403276648762389,1.0484956895387096,0.691580635676108,0.97949445069802,0.8058133160010714,0.7952934302870497,1.0561585188414473,1.0228821044610201,0.8878791392510728,1.0690490205667895,1.0988582266967273,0.9655151092518107,0.9412568639783478,1.0431794138111654,0.6823357069942075,0.9872027947298079,0.9795548111253901,0.9838377607496628,1.2452087366897926,1.0419270128708018,1.0691903557225289,1.0153025826989492,1.0350922277851955,0.9384637777736774,1.0955012960846588,0.9645402936064733,1.031730807916122,0.9907031595553225,1.0055786694363473,1.0112408342310324,1.0886429842420013,0.8950677600319941,0.670413285367006,1.1135220241902999,0.9140796692569857,0.6061895408048498,0.9787190906717049,0.8781629255855155,0.9436791384718152,0.9430650758131461,1.0994970892021634,1.0107058426544868,0.803824376369796,0.85828459940473,0.8583857272521502,0.7193799665525897,1.0347225158557254,0.7232044168539588,0.7537899246668892,0.9273802849589953,0.8021868663614939,0.9895512791761406,0.953319916360385,0.8593413812207135,0.982010434990625,0.8864952522956712,1.0723490403483746,0.8505158899477867,0.8550488407392516,0.7085896866919532,0.8881893029324957,0.7135852556150589,0.791026429716231,0.6688088008502266,1.0901364121970325
20241106-297-French-7,1.066824989136624,1.160984534320467,1.1249504731791073,1.0933290049804083,1.1649047004406972,1.118133277247042,1.1042431364938698,1.148812174328944,1.0705554810495286,1.1311654772622228,0.8314544563578036,0.6403701254316274,1.0357210764069975,0.7865213679377776,0.7902118526216257,1.1170252267723093,0.7821985857566621,0.8649883983241737,1.1226802925388248,0.7405779939918025,0.7713331466471242,1.0235786172085257,1.041234409504644,1.0443702653320466,1.1145044155287749,0.9894514431914772,0.9888212307348252,0.8750818931566415,0.7224670547200721,0.9356301918897332,1.0112500598489702,0.8899839055914038,0.8330906083014286,1.020586494760749,1.0143907767088496,0.9126945509933962,0.7114923551615444,0.9001668757428933,0.7282454191156382,1.016494789397209,1.0154091252778388,0.7821988844919942,0.8127257057950246,0.962129625705553,1.025012809725764,0.9016210156895015,0.9205660137518208,0.939560544543422,0.8919759117297974,1.0100218227099118,0.912730758526763,0.8876823793060769,1.056244647436497,0.8240998774183006,0.8739618217843341,0.9894507768590212,0.6342164543269316,0.7459293615313067,0.8831551603608075,0.7977084647893474,0.879856494551249,0.9284597632729351,0.9835378741424642,0.880911227556884,0.9639508390403307,1.1285613921540598,0.9648626007150866,1.0176222617381285,0.9086407421054381,0.7293714820157846,0.8671619461614949,0.9324644955222798,1.018838695520932,0.8258310201605001,0.9369807515911693,0.9650110345225413,0.8787138440108418,0.929528491058308,0.9799879260204071,0.9003109328038336,1.092483163702711,1.0047987857915746,0.9540665436075453,0.872125021424598,1.0115145325382149,0.9523690486476953,0.8984853238047342,0.8538881137126897,0.9962963445763798,0.8028319111528406,0.9834562857882748,0.6774298099172453,1.0143421771211711,0.6509019178397673,0.8972627516194511,0.6546838536210452,0.6984350950769392,1.0612674582160808,0.9268506804670924,0.7188851926306945,0.9546688931446589,1.0825134790440931,0.9503557287318414,0.9620081386704684,1.0141258556497759,0.6550857683496911,1.0207686230107706,0.9741088707933926,0.9672166065627043,1.0056168857502596,1.0391415954822207,1.0183888550175053,0.9155495834897973,1.0207384752397726,1.0497627040536908,0.9947500452997823,1.0181938287999912,0.9846768547263903,1.0295441854211893,1.0276994148320915,1.0126219660660811,0.988476347180811,0.8681666748586994,0.6349047003919668,1.0842964481197501,0.9370009756957212,0.7203991796232794,0.9322598465533674,0.9303226562544062,0.9407929041762465,0.9422451498224045,1.0501411851643765,1.0031039015703462,0.8906831124556086,0.8763501042810218,0.9259784808019884,0.7527038535152493,1.0003141826379232,1.0237978820269753,0.7743492651631131,0.9663641709014599,0.7270512344708469,0.9390639064696196,0.9653018147113572,0.8613018869578506,0.9313279022114661,0.8963593707254457,1.059498805389851,0.7720139008233792,0.892194501914265,0.8055848181382788,1.1531590937157083,0.7470769922383367,0.5694416419261293,0.7170134115573686,1.1618087823392917
20241106-297-Dunn-21,0.7667353007895789,0.8610605681361606,0.8334767265214599,0.8347992975890752,0.9383267665200994,0.9425673940859232,0.9508544322089516,0.9031356412821713,0.8362481306204262,0.9441986506659421,1.02989546599819,0.9953931233193595,0.8772974071975458,0.9565037225843858,0.9404989352230954,0.9569312038675986,1.1096077328360232,1.0608570360913925,0.9229143176933113,1.076370416548167,1.1032358113721685,0.9759458243782907,0.9251836367073345,1.0009004060802151,0.9347607053270197,0.9657880423486966,0.9503984778747976,0.9760753969460676,0.9836014828742352,1.0105203108762397,1.1677417817456843,0.9841424918601536,0.9766003865884169,0.9642159952492142,0.9244844931064463,0.8535551028208175,0.9535700573052398,0.9943578160168498,0.9657706255415548,0.9118690768828829,0.9200277275417955,0.9828644936999155,1.0036575067006395,0.9756205204837746,0.8897818909607224,1.0708658751691893,0.8841986468993447,0.9576600546045902,0.9193239025720469,0.9328574021182259,0.9726845289320453,0.9293931031975498,0.9176249603764389,0.9343403406825179,0.946920651974092,0.8733284249106191,0.8526940501158877,1.0340732514858473,0.8877247310240758,0.9926796654395174,0.816211852568903,0.9565220545380421,0.9535834046446392,0.7939633847573234,0.9303566803153271,0.9121839506332984,0.8363247776539188,0.9077685934974603,0.8363274829813452,1.001581131524027,0.9011164819962371,0.8680542080760072,0.8073355486357412,1.1553072027764726,0.9020528707401749,0.8788697720485591,0.902557638467321,0.8497679914635949,0.8085540986305707,0.9248369149510495,0.906815999027671,0.9006697068749524,0.9629935851287783,0.9326398686456252,0.8391046714182216,0.857262507958649,0.8940137766645512,0.9397218684209865,0.8392191513985234,0.8119903566117838,0.9294780905577363,0.8079140211294382,0.9256780920817056,0.77612642441756,0.8982579673151783,1.0600404955128264,0.877090140585547,0.8631622046399283,0.9555749210302004,0.9799677502864333,0.7946966192799155,0.9382336292604663,0.8584590033378954,0.8376620480281977,0.8958735474541625,0.8610499938712398,0.8840018673932439,0.8222192954491135,0.8647132523998707,0.9659339570684797,0.8419889098810154,0.8842068646162247,0.8550640690839942,0.8985816880721991,0.8500863307231505,0.8783596658382483,0.8350328631082542,0.8723806077480762,0.8514854534542546,0.8504406622535026,0.8483194514077482,0.8619200941830464,1.0465810335262649,1.0580786216968125,0.907227982831383,0.9962739996125701,0.9081388348963843,0.9762129196305124,0.8994242976781932,1.038050036448296,0.9047276486987519,0.8252173821785427,0.9473177776391982,0.9902706965527518,0.9837788673840862,1.053315820498282,0.9666495415223488,0.9226218990248659,0.9268415587354965,1.1124702226862997,0.9696088824429214,1.0141989947580863,0.9708180325145431,0.9806697033817723,0.9176643074194205,1.0723821135884344,1.0464864350543306,0.9841469728531567,1.026791225288969,0.9648151581205885,0.8583611977241759,1.0060138683476978,0.8511423686772331,0.5898905707010124,0.8784841790291359,1.1031929724848848
20241106-297-French-13,1.0109692822304428,1.0570870966914754,1.0717506752564676,1.0553488059762692,1.297838874642518,1.2173781299354578,1.169303123529608,1.1770662628010162,1.011084728305281,1.194577453078208,0.7811850115228715,0.5979939503929086,1.1228320758404,0.7865113977896641,0.7310357802913694,1.2075689747137668,0.7729147542973857,0.8656982594883215,1.0864155575813943,0.7221281066736787,0.7358467425925559,0.9755772024967874,0.9562991235515241,0.9770093673052846,0.9713146949064836,1.003937334626545,0.9923533599510757,0.85404829153113,0.8962528525333961,0.8851620533692937,0.8654589885786911,0.8592541205035225,0.7164195354231945,0.9751932180720534,0.9740006081724115,0.8637494152243093,0.662383010730747,0.8730538803177891,0.6899337416744701,0.9161874262156166,0.9590507273404462,0.841989432363965,0.8157569896950291,0.9964429469019807,0.9976344099189273,0.9441869259882429,0.9290485258189939,0.9646053879257342,0.9881520752895249,1.0081508258661576,0.9923190298568463,0.9168955148281251,1.0074321099843038,0.8306384643857715,0.9042317681671903,0.9853375131770554,0.6587157947232031,0.6830308287428623,0.9115639210155734,0.8437099489710972,0.9974882872524614,0.9459317839664281,0.9978594498429415,0.9083554625384053,0.9902696264849122,0.9884158739627098,1.0092282905829606,1.0394754444290437,0.9838516397936765,0.7564014336200474,0.9305524822442237,0.9986303782887879,1.0216046213073176,0.9428681630269496,0.9285958426646661,1.0166029138547183,0.8409713794139669,0.9825627213795873,0.9618120916787317,0.842079741580495,1.0522818497018491,1.0225843444456568,0.954997579321594,0.8261605161237873,0.9850587473819291,0.96602761324763,0.8690208508234871,0.8181887204641944,1.0161416825827718,0.7051505062982655,1.0552256851590367,0.6372914779041523,1.0040066771855443,0.6553974793702682,1.0320341296586906,0.7754836988116717,0.7340817568809341,1.0970328014878732,1.0157476324870196,0.8041467171376113,0.9335307957594232,1.0844823372074384,1.0088983819946273,1.0667112694022436,1.0862147091221357,0.7398553889361148,1.0819031029506931,1.0796219767730317,1.080575264825298,1.118503173881703,0.991235437801736,1.125730030653721,1.07845323251994,1.1092960596015766,1.031432953736422,1.136873831294353,1.0173164383743731,1.020272398784911,1.0703459445148256,1.0632728932151299,1.0662513642623501,1.0756042878514893,0.7632695509904162,0.6206872401632648,1.075658050643948,0.9473030140463035,0.38730447961432246,0.9265479528005197,0.8228116125108804,0.890092869960307,0.9426815832942617,0.9893332766879658,1.029758526316775,0.7678514740811577,0.8715611919448507,0.8412359164370756,0.7965502002479293,1.0894537433351306,0.7186077391702879,0.7226642506208517,0.919941571195619,0.7025913817019418,0.9971157587062536,1.1224753581398679,0.9350380225950299,0.8531654088368572,0.9475111166693713,1.071879902162424,0.8947825008911131,0.8294419135983492,0.7416400826051202,0.5982108961388555,0.7451318896934092,0.5926377349384031,0.7617116036525788,0.9366219666976332
20241106-297-QC4,0.9105040595309823,0.9105040595309823,0.9330811561075366,0.9296658679666577,1.0218504490113092,0.9529854110736907,0.9774476666287961,0.965170157162795,0.951519910676255,0.9105040595309823,0.991564275632401,0.9272737762983345,0.9861838995109338,0.91755355257271,0.9105040595309823,0.9701803133236147,0.9105040595309823,1.02494352611643,0.9506567138701919,0.9108334582050659,0.9105040595309823,0.9237693687946656,0.9167097908861492,0.9375857948988555,0.9105040595309823,0.9295551226341227,0.9193492131051242,0.9109115458048961,0.9105040595309823,0.9672659685077512,1.0156269224333614,0.9216313385849056,0.9105040595309823,0.9154187805058877,0.921702211291646,0.9105040595309823,0.9105040595309823,0.9542392961018977,0.9309859167703582,0.9311581472410281,0.9105040595309823,0.9112232741530709,0.9105040595309823,0.9562013108254449,0.9180084692784297,0.8795251293840736,0.9105040595309823,0.9638099213444804,0.9298662746433528,0.9105040595309823,0.699681345418338,0.9606090345174534,0.9105040595309823,0.807948918817481,0.960116149550498,0.9105040595309823,0.9105040595309823,0.9820414376554846,0.9139659331718929,0.9105040595309823,0.9105040595309823,0.9105040595309823,0.9564992341886631,0.9115733498749362,0.9147448579445309,0.9105040595309823,0.9105040595309823,0.9105040595309823,0.9310899236367111,0.9105040595309823,0.9345708488044815,0.9271138256829327,0.9105040595309823,0.9105040595309823,0.9424444661508813,0.9105040595309823,0.9105040595309823,0.9426020994117195,0.9191964158950959,0.9499897622510592,0.9105040595309823,0.9197034221956227,0.9105040595309823,0.9442132401311931,0.9105040595309823,0.9105040595309823,0.9105040595309823,0.9105040595309823,0.9159299535869682,0.9105040595309823,0.9105040595309823,0.9105040595309823,0.9105040595309823,0.9105040595309823,0.9105040595309823,0.9105040595309823,0.9105040595309823,0.9438214701383595,0.9105040595309823,0.9105040595309823,0.8810098399221731,0.9105040595309823,0.9285703444669917,0.9105040595309823,0.9105040595309823,0.9105040595309823,0.9105040595309823,0.9105040595309823,0.9105040595309823,0.9105040595309823,0.9105040595309823,0.9105040595309823,0.9105040595309823,0.9105040595309823,0.9169479400578303,0.9105040595309823,0.9309485793851084,0.9105040595309823,0.9458478981077865,0.9500584487479371,0.9571951370205616,0.9105040595309823,1.0357570676994319,0.9326163298285342,0.9397362214536064,0.9888998963795006,1.2790902917937215,0.9105040595309823,0.942825365870976,0.9819835105307492,0.91813950362324,0.9105040595309823,0.9361633489191922,0.9105040595309823,0.8968654505757913,0.9049927253886856,0.9105040595309823,0.9956336833354675,0.9728098279970447,0.9180731681728779,0.945843173232419,0.9105040595309823,0.9464948540796085,0.9105040595309823,0.9452684876200621,0.9208812201891292,0.9147844534737624,0.9290473100465274,0.959243123014813,0.9105040595309823,0.9196018081490385,0.835905409413537,0.961169331321352,0.9771148956259382,0.9105040595309823,1.02118124479524
20241106-297-French-16,1.0951828184770191,1.0825817411502716,1.101785682972336,1.104759731607844,1.141310818663403,1.033270801299354,1.0506728919315587,1.0389678338575206,1.0398350740839635,0.9142890088344703,0.8484021884095917,0.6167581220914915,0.9938222718644817,0.7700159303329757,0.7703908711261975,0.9466380127558532,0.7058706942398305,0.8508799517833799,1.1089182434741918,0.6768977880280843,0.7070098363207441,0.991399276930077,1.0283924538607356,1.02115892685289,1.0121083035161313,0.9597144560733839,1.0087175050167636,0.9245540378124217,0.8619282148812779,0.8785196812713018,0.8262912811948159,0.9640298406147279,0.795658942031169,0.9902452237386541,1.0098472983583493,0.9855426880708086,0.7358582190262123,0.8830554912917729,0.6812567083464074,0.9347668069753146,0.992896135665092,0.893494735115865,0.7841733361120865,0.9943562023051493,1.0616672695249743,1.0252968782866865,0.9549257017240311,0.9809022121655088,0.9876618311430313,1.0444477834367456,0.8271168235939038,1.008228684253649,1.0465387082075859,0.75093622311527,0.9852584949866564,1.0147443934867033,0.6692611940579356,0.7746274820391345,0.9554922547013733,0.9102941314792011,0.9424378532740465,0.9744454204362335,0.9994772551645527,0.9494968114958737,0.9749412970638132,1.0151792925652616,0.9966578502230741,0.9766355817235564,0.9631713902401297,0.763862684745375,0.9543801831088361,1.0034990652809777,0.9583000522058779,0.9669996582384143,0.9787057721116785,0.959686026988355,0.8721223641048239,0.9577567002723136,0.9888609093440736,0.9084123334743129,1.0778952255712624,1.0069512834874585,0.8920755847262197,0.9195492249170418,1.0935498446888507,1.0246022350145416,0.9760276480988704,0.891333297250583,1.002159672572751,0.5763275297170262,0.9856206056977744,0.6874641900932978,1.0198832364823396,0.6785135073150838,1.034386626232352,0.840171704490149,0.8767815093172415,0.9876302535018978,1.0302848726605174,0.8226934462278694,1.0751701229957937,1.1148959266251313,1.0098842843330882,0.9990047127694658,0.99793452927063,0.7270340447578926,1.0249288937117063,0.940674251947197,1.0353450663844206,1.0602259322596477,1.0316774642928863,0.9854152931157546,1.055901423124801,1.0229863082517328,1.0537230863193465,0.9977724478174692,1.020689470189961,0.9450286928037437,1.0582391028942817,1.033045607117315,1.0485723018566186,0.9744291532180218,0.8116162646856975,0.616560644214377,1.0306794281932183,0.8787225530794932,0.3647353943132091,1.0034713253004461,1.0242082330723525,0.9824237318793378,0.9817206270119962,0.9667964636178861,0.91779201859505,0.8076660740406255,0.9144016381705237,0.9341075607965663,0.8538141314062084,0.9428062374887517,0.657999891122569,0.7029568825319171,0.8869488457977597,0.7115642329357701,0.9749503663502875,0.9388579939668917,0.9553962126288953,0.9785375933338739,0.9276018931677675,1.085425340092386,0.8760918449688864,0.9538686374288913,0.7593570868614289,0.6276389431942297,0.7796566433888118,0.6371795818536193,0.8360670351533946,0.9715299473228608
20241106-297-LMU-26,0.9403962511092879,0.9459811164557348,1.02841654694564,0.9336949616254778,0.994900172267576,1.0111260469019607,1.0127438954567458,1.0036240980898616,0.9701546049983885,1.0205537679501318,0.9107141733285503,1.090054530185212,0.9113190491938838,0.8725071289075025,0.8785495105997925,0.8618239198473593,0.8194977280169494,0.9684385776394895,0.8475560660368171,0.8103882214137093,0.8259470269449491,0.7250082672570956,0.7879234818355173,0.7387385382133694,0.8015481771205002,0.7314879261531518,0.7170510330652651,0.7914866187153171,0.6810335490953685,0.8668123832817297,0.8637686646092998,0.8427008248480785,0.7671629676688514,0.7311704833031991,0.7736757788906148,0.815271723836274,1.038926154419571,0.7175419645938901,1.025344868205632,0.748175735892692,0.8616584318904669,0.895766760432143,0.8635204290797529,0.8631494584821718,0.8953496630819167,1.038890608898872,0.9267027356892593,0.8000319075080062,0.9567492299551118,0.7680215860869893,1.3007060930196792,0.9811315496042068,0.7441286614588899,1.0366550558284786,0.9289876609878049,0.760931392885262,1.0086463893259685,0.9617636598815539,0.9259452257278639,0.8680287765652274,0.7948217454107122,0.8799073137760375,0.8439324704325399,0.7676504281579625,0.8223758132767611,0.941738098892144,0.9612915865149511,0.9859094164070836,0.9684093721449644,0.889426518250798,0.9339678220674411,0.9696793515423081,0.9700316779093252,0.8745681389985435,0.9231296833585639,0.9859597278332709,0.9088092003049096,0.917594710146249,0.9573070140412219,0.9362897310073434,0.9085628076846604,0.9740336324284523,0.7389596176476383,0.9482494222825254,0.8484922369730535,0.9970815433953111,0.9704478508577178,0.9083568049174013,0.755821130673012,1.0123573208655774,0.9497974677628453,1.2249374747785438,1.001487640974585,1.24835542045136,0.9114886222085825,0.9735787529477583,1.405699114477138,0.9019838885862531,0.8465471677919373,1.044246512813186,0.9726949817466629,0.9283134187819366,0.9823277248686626,0.9515411332361599,0.9586698439175454,1.3702894924920612,0.9710426675053443,0.9428569043031636,0.9449611631027447,1.0180825072240298,0.9698137429313494,0.9230772934058308,1.0155756593615024,0.9740092612948168,1.032712218759294,0.9358849195836892,0.9376981697938681,0.9017788702233867,1.0065383090778581,0.986466613365652,1.012221131119596,0.9285820754425502,0.8870596083891432,1.1269851082906932,0.784769570627514,0.787698179465202,0.5287680772787137,0.7216261572145024,0.811861411096609,0.8091132480281814,0.8261347650594446,0.9255115878108092,0.788223490267701,0.9402821264850871,1.0738851264861713,1.0397997747417085,1.0770401334039048,0.9886557853926313,1.8342192450353851,0.7675729529935762,0.8948638015795295,1.0644639176335078,0.8900705765686268,0.7669891309797917,0.9097931249020641,0.9642675874106651,0.9061673978461794,0.801740300716289,0.8736746888658747,0.9324670602908692,1.0057170389837127,1.1502015342802456,1.3383106120557073,0.7898822104692793,1.3750652820987193,0.7270007821295706
20241106-297-Dunn-5,0.9598258319984906,0.9973125360227644,1.035524108958264,0.9892705275013026,1.0528941906981926,1.0684414834588771,1.0936168996362428,1.0837851792030937,0.9682305761401437,1.047025291625336,0.9830204801815693,0.8361531904951949,0.9217391662277012,0.9503939160224717,0.9444411365691281,0.8749296093914406,1.0973409328384947,1.063103905193687,0.8433375598831343,1.0234280920466061,1.057905638727097,0.9189532039946885,0.9620143127403037,0.8956240279340787,1.0242401623424922,0.8965787609226644,0.9675253949802861,0.9112009700747328,1.0050749836072799,0.9565521459127124,0.9913421736577005,0.8992649611384136,0.9374705462509115,0.9145249315000193,1.0048804065110133,0.7925039446267772,0.8137484741496208,0.8989788163046549,0.8357811571210481,0.7911334171222185,0.8257293378317381,0.9503425544361291,0.9563338382471184,0.9480989611396134,0.8673706203481568,0.8749828966078184,0.8884613796793566,0.9442444417954302,0.9650580266371197,0.9860925769457061,0.9306954881896597,0.8849877959419258,0.960691559679468,0.6284494245996695,0.891596282754904,0.9381142369253551,0.6369919060936798,0.8325426874422459,0.8868944463448429,0.9546388216861051,0.7375442643260911,1.012779256219605,0.9612614962961447,0.7265933164452529,0.9347904030926488,0.9207271452339804,1.0821768362507003,1.071466701367858,0.986688463121076,1.0605597936793973,0.8707113421058058,0.9742898766155786,0.989770043085596,0.8054284965191387,0.8992154554970813,1.0619167156768632,0.934270125248106,1.0270354714084606,0.95363473511757,0.9721201274420216,0.9022339157245621,1.0201080457740561,0.826830440429048,0.9924729059459149,0.8356614856152579,1.0457968569357317,0.9559230916698843,0.9685592518998393,0.9384368709781257,0.6737136561806581,0.9299937763999113,0.739894742644989,0.9766017225112407,0.7480964934808618,0.9533256036216857,0.8061589483330842,0.9009728043296334,0.9185488140964316,0.8789310156381707,0.9629206049655266,0.8842525421698715,0.9224663474378498,1.01487193230631,0.9651496704052737,0.9748877612613227,0.8171283739265885,0.9538885489149221,1.0619679418622694,0.958901265767793,1.1209280115871512,0.911825360650017,0.9825692192041169,0.9903436138192293,1.031525121135018,0.96789141272798,1.0160300794305523,0.9243812745907425,1.0533963067402432,1.0070894822027265,1.0109156153649959,0.9998623767887007,0.9558125894664335,1.0889481066472437,0.8344373632041595,0.7976271147186321,0.9097687067749747,1.0339435062638351,0.827466971807666,0.794680133454431,0.964818154164177,0.8466566536400655,0.7462454149163352,0.9593928549710761,0.9104051977805825,1.0267886298313185,0.9783817685169474,0.9573105027938816,1.0596220162342702,0.8707226378441504,1.0119921520963953,0.8337247971411842,0.824656718271419,0.9631116204741867,0.8991874400496591,0.8294575680333611,0.9260839889543956,0.880066202358146,0.9976171792754873,0.9478232613630095,0.9000060872310595,0.8053287548080492,0.7772619247055385,0.8323234618208809,0.43509006832440117,0.7854963191542096,0.9861659943702703
20241106-297-LMU-24,0.7918002470295511,0.8050347534885903,0.8435437250712126,0.7826938153293692,1.0364432678994364,1.0217821612741682,1.0254130694172399,1.0168918457723548,0.960896634072547,1.068328226417495,0.9862903772561824,1.0642417376383577,1.0097431758512387,0.9218330199450304,0.9238791066436386,0.8914741909002419,0.8828021394746401,1.0351216898337774,0.8625370019230006,0.8754076091317194,0.8725449603915534,0.7635468830053947,0.7992345708326857,0.7825120380762878,0.7586206955725978,0.7322651521427092,0.7906581286681789,0.8364505880661974,0.8614037965090539,0.8497001627868156,0.9562294981006455,0.7882463272035615,0.8586974436381598,0.799708691094342,0.7880230227014798,0.7108914215908888,0.9525872649743777,0.739411088121024,1.00155333837089,0.7574595676599551,0.825388729177973,0.8052870046415354,0.8043232615930619,0.8224383529679362,0.8879443585003632,0.9543237680627779,0.9433260824559914,0.7595146808865751,0.892711066723029,0.708637310338451,1.216901841565838,0.8971364345314881,0.7053416035057324,1.2017209687967854,0.8140324513158385,0.7131993145474316,1.0062482824436665,0.45728531736118866,0.9082094122997537,0.8495998848568553,0.8500438270188102,0.8203854459805846,0.8137139994771381,0.7759228952892953,0.7933569919654084,0.890013461848608,0.9829123543604266,1.0371766019767104,0.9625781658860317,0.8827973767885329,0.907752992432688,0.9648677506840926,0.9467214408760433,0.8738527598783015,0.9563862249524038,1.003188418829271,0.8950792220998086,0.9494890934144573,0.9780331127677677,0.8783789247118194,0.8465249296506886,1.0365607628932003,0.7813757106409751,0.9059362450009022,0.7978387355203912,0.9653321794735844,0.8737700381035916,0.8678133038537847,0.7078771860074958,1.10345885844776,0.8609596260919661,1.1716647992706577,0.8922381150081717,1.2147183330149367,0.8859007784007508,0.9702784752364012,1.303172234958633,0.9810315101194752,0.8413272793850098,0.9811650351209227,0.9501317661097555,0.8859028008118708,0.9749050725870586,1.0093152807426575,1.011568398658046,1.2900111724627716,0.9984007928216826,0.9948776945685124,0.9650089085859309,1.1102858774413535,1.0177021153710613,0.9806484834417648,1.021386410588425,0.9682330854097737,1.0649313546539123,1.0145861696441003,0.9802845227427861,0.9728488643502371,1.0341570036878551,1.0088125519604179,1.0329785696631615,0.9906503266847599,1.034779851890101,1.114482512479707,0.8316452285626487,0.8360549963093173,0.9850680046062313,0.645888369114288,0.7657687001117096,0.7580665895272257,0.7648427547677737,0.9904765224873954,0.8760117898693869,0.8918557543519982,1.1374676773580708,1.0862171079669123,1.140206645809847,1.0086262537012052,1.3842294577324532,0.8625885681377778,0.8879164131794125,0.9974986613722513,0.8485575355836703,0.7971802740690087,0.8901391203235165,0.9199407366945356,0.8378443382031869,0.7084733222962526,0.8822114241962576,0.9192119907779155,1.0203099199440748,1.3544796994671249,1.4058689235870419,1.229796617928829,1.3468738848276582,0.8190109306069455
20241106-297-French-11,1.4248990922713471,1.508486498659136,1.3761758477214079,1.4487503656194003,1.16409652331768,1.132002874818371,1.1417282430968323,1.0975700631797973,1.145519217937173,1.1937475733236147,0.7666890683815617,0.5694100003641718,1.1029953009334117,0.7452897935477736,0.7884162440639352,1.0642092391747124,0.7383640348192999,0.8274820653711517,1.0217243553158737,0.7330373315188053,0.7471243108590572,0.9565653548963594,0.9698661671334456,1.0040523259649392,0.9911141653532585,0.9489582878408181,0.9787038014159801,0.9080163701952416,0.801085470916068,0.9316648182033059,0.8966352198810454,0.9114826093631666,0.8334256808542803,0.9944572420020132,0.9420891210880256,0.8777930636964647,0.6081638770161957,0.9115828032298371,0.6961421877100602,0.9504562856429459,0.9843506168961653,0.7711135808944058,0.8092764466784959,0.9601617061975553,1.0208913822039682,0.7869035923735165,0.8777163526211925,0.9345195514551347,0.9300430460682545,0.9785023790390562,0.697835354506062,0.9424345087831724,0.972728865010239,0.6594228837674367,0.8940599535458532,0.9839211528490946,0.6543786204457435,0.674235703768063,0.8884800202350732,0.7654024412734788,0.9057974011233806,0.9071579930417637,0.9598538226053935,0.9628408092040971,0.9190945426782573,0.9245235599573108,0.8723618633562619,1.0028536920540199,0.9606910954080358,0.7649482373018206,0.8548021909777158,0.9562696830854446,0.9070561417263207,0.7769176877672923,0.8674700376709504,1.021635049421603,0.8340691399722833,0.9186804885356178,0.8880544840436011,0.8748882230822727,1.0291739100224835,0.9553876814274262,0.9312569327250314,0.855674289458821,0.9484611785766035,0.8938583543012644,0.9013947119622477,0.8310513829609213,0.9924807838031423,0.6817029710912963,1.12741257607939,0.6541487745302768,0.9372204000456975,0.6684916198483183,1.0048998569438712,0.7687120369164208,0.6740098776360961,1.140969285981484,0.8754434513229087,0.7188745079664722,1.1011776137194556,1.0691160139432268,0.9725059998547312,1.0405586427211115,0.9971631177139546,0.6463466491663835,1.1309147097675214,0.9960104286352197,1.1020476091589282,1.2421973515048335,1.0032741912521388,1.1216056668764003,1.1638988610478598,1.2009134861024287,1.0200031821435636,1.1444727107236292,1.0097381821551639,1.0059856307278947,1.179944018091088,1.065369573863832,1.0925635479793354,1.1111477281132978,0.8058125917706304,0.6660689624413173,1.0394640848092003,0.9293243109169148,0.7637558811915555,0.9379824479634856,0.8921712267991815,0.9266338380339915,0.9646567636820654,1.0931376925746743,0.9087241605259582,0.819691014729316,0.8591725303679859,0.9119562662770819,0.8120633585836148,1.021404778241138,0.6774417760731007,0.7647118881395415,0.9465862709035957,0.6747607623316054,0.9487837431816692,0.9665495676806455,0.9005875840315534,0.8936721426663974,0.9259443941387753,1.0764266164257,0.8612758722982692,0.973010438288718,0.815844564138876,0.6854170577913251,0.7293051507106101,0.7886430464823216,0.6954798942642325,0.987928183075345
20241106-297-LMU-10,1.2709823859576854,1.3257997428466082,1.2226190152099266,1.2689025692351161,1.0155791242353631,0.998988663484329,0.9984913018202881,0.9560563544682876,0.942905699699372,0.9922090138296005,0.9037375978738971,0.9511013400177633,0.9375635174886273,0.8674516042149291,0.8531604879702741,0.9583815314162649,0.8637529032575606,0.9364495229964477,0.8513146765409371,0.8389480088594621,0.8672073718231444,0.7265117068165116,0.7603300154046876,0.7573754150163984,0.731575929706745,0.7191069926060236,0.7795689770439955,0.7985825942855355,0.794104032408712,0.8403377941675004,0.8872929599398164,0.8014416259922525,0.8066908542561733,0.7230844583706245,0.7709294458715134,0.804887600348128,0.8868662268326112,0.7048692998715731,0.9765159897007138,0.8120929136105427,0.8404399958600566,0.7840280793900544,0.8132694808982764,0.8197000966896791,0.8482493818476264,1.021818524912783,0.8919488425008257,0.8374214628044773,0.9134440961038075,0.6858643996081917,1.3086877504301657,0.835697698139796,0.685080815721825,1.313796854213421,0.8596111165467373,0.6644727705833798,1.0618282315685628,1.0731511970371073,0.8498986893424921,0.8041979178904198,0.8112929282707164,0.8402205888892892,0.8298759501329728,0.7777938048027792,0.8503884509128528,0.9723789314130129,0.9840279879516511,0.9689452828949244,0.8958487116363527,0.8671273182290303,0.8825921129293453,0.8925574761557062,0.9153365036791696,0.9182962797112405,0.8959800060951132,0.9267541790330093,0.83209412622361,0.9228691755141594,0.990132535941034,0.8767838203007832,0.8363101540357257,0.9827457207909733,0.770245943651339,0.8418634227056682,0.76513130086968,0.8763047581444048,0.9042527480776921,0.8220566029474435,0.6427406994230429,1.228621441279884,0.9922168104041444,1.2614129879994644,0.8347630313295705,1.195991214621296,0.8744042894946079,0.937218005510625,1.2343676781073445,0.9888587073808494,0.7785137228866214,0.9966348970001301,1.0599307545576302,0.8592782548084725,0.962372421422644,0.9766730552387134,0.9307240990750963,1.2213693966496295,1.0216622477380541,0.9567835171683073,1.0300712247126913,1.1465362091669369,0.9961774507367046,1.0453284185856457,1.0765903786896622,1.0480076457350722,1.0321899301592892,1.017165269570084,0.9875718591800449,0.9378555416048514,1.0765486062387553,1.0308602086301681,1.045638753866063,1.0651086718845917,0.8581179074979107,0.9964074870863171,0.9046160276722611,0.7788632946329536,1.033367015198076,0.7439527588434888,0.7919498154278349,0.6897963772231105,0.7528493947450912,0.868686866529215,0.7323929246378724,0.9171464042840565,0.979459635867416,1.0391265228779947,0.9933309746213881,0.9300995410362115,1.4838647238370326,0.8140211005401874,0.7790010704681871,1.0389528309081406,0.857184019329642,0.8174017314521267,0.8513031627291379,0.9011392763656974,0.8675411121178359,0.7251403197222808,0.8720807281814065,0.9481279461328378,0.9605470534961875,1.3484610747737766,1.349033633274045,1.1044307585423319,1.3316767850472169,0.7714463932347614
20241106-297-Dunn-4,1.242155224001503,1.1309020952058848,1.1643585812286228,1.1058883584318238,1.0698896801443707,0.9334878045926409,0.9294809649598542,0.9095708120287695,1.0529857255339632,0.9483394678150461,1.0970241345740601,0.9932444185327315,0.8919009355975367,1.0607983051658725,0.9987609422481635,0.8771640932023868,1.1783715039127836,1.0662316485301384,0.8392795630920505,1.1647060122352793,1.1485945540317215,0.9447598435185194,1.019957007433846,1.0113949090757295,1.0295001328342153,0.9730870524368596,0.964268980815556,1.0228027692768775,1.1243009902864565,1.0027489707321016,1.0153537360333404,1.010318801232372,1.0469449542188713,0.9473631103043335,1.0097552864471693,0.8317280762566012,0.8853971004974165,1.003020542988649,0.9068614341880539,0.8884105218269175,0.9753537883606034,0.9131140399858519,0.9248169227766792,0.9256986546383513,0.8560701172802542,0.8918811863170438,0.890268676780958,0.9653978048498069,1.008249681288635,0.8667220805174212,0.7926935432344353,0.9150280111545536,0.8399224474155093,0.8097971940124473,0.9765810316460607,0.9084257465512005,0.8127762415536295,0.9866787469388334,0.8762687602762919,0.9493819872090871,0.8530485969188468,0.9564908002787963,0.9047618208964024,0.8889117084319993,0.9625655150048149,0.937288754920872,0.8332828643869633,0.9644369486868083,0.8585195032140815,0.8486438871273089,0.862772124606212,0.9011029119279954,0.894930749836083,0.9575089133369822,0.8675275515642549,0.9507709272678513,0.941395557982727,0.870895863151573,0.8310072930042962,0.9078739396222906,0.8583021765196843,0.9334274310885771,0.9894225728874705,0.8708896193799849,0.802846016598616,0.843801071720448,0.8253660042682027,0.9177671982219359,0.869311933360342,1.0050672292520815,0.9206088589308603,0.7599747924223611,0.9182083167787836,0.7407643342711678,0.868164308803304,0.9071926176494186,0.7601460745411817,0.8192651337897525,0.8862214909072734,0.9447326452733474,0.9686002565097949,0.8887982881419784,0.9123041063850461,0.8857095664319531,0.8635222143330746,0.7834945707025558,0.9591274136108278,0.8180056101809942,0.8977107494005667,0.917857663285234,0.9508795335916316,0.8936774356531413,0.8585806492496403,0.9755921645218237,0.9134614910415335,0.8606581920300794,0.8762688859340606,0.8865615184226039,0.9084211027657025,0.9013520253884517,0.8940624786033918,1.0182740977068228,1.0325688933905686,1.0147088542993141,0.8719025118877078,0.9885167008044858,0.8984310953662258,0.96230155436183,0.8029571322775514,0.9625808572619309,0.9353606933060336,0.9233063456141425,0.9645861237153371,0.9208020385503616,0.978336965202659,1.056987395350137,0.994234977628576,0.838927394233327,1.004038565512951,1.1475738302353549,0.8560109599682475,0.9657610880049482,0.8994325690491273,0.9980035740186743,0.8313880208245283,0.9627251192131503,0.998732435996958,0.8904955135857578,0.9016342471703231,0.9779603288007589,0.8394184742804606,0.5929598145563253,0.7133615028473421,0.5646430023724482,0.7333820703243585,0.9698831277244662
20241106-297-Dunn-23,1.078313369380601,1.073832912769986,1.0101000269060827,1.054082258643539,1.0245016748188969,0.9258809224210465,0.9468560480543069,0.9186517915822485,0.9140841266396061,0.8826270081377557,1.0584656931401029,0.9005066689593499,0.9236992792542487,1.0374554478934552,0.98422955287307,0.907410943534876,1.1698027360090122,1.046254467590116,0.9155721916672123,1.2013763464024882,1.1914007224212975,1.0007303144932933,1.005244011672765,0.9859373387861139,1.0043173467182582,0.9887860524489558,1.0302157418154252,1.032954213303554,0.9472429935179473,1.063996084337677,0.9657114219785579,1.0723833672962766,0.9553473796158547,0.9714895347931476,1.0160435155954657,0.8316319196604903,0.8857589224755607,0.9491118213506783,0.9202454293019628,0.8606640338909052,0.9558816029815509,0.9097728213737737,0.9325946442140416,0.8895055223733526,0.83658487069011,0.9909080109615825,0.8879921998792909,0.9008923844593532,0.9457089812596055,0.9238729880174711,0.9023231845747489,0.9356385155095319,0.8820161809594734,0.903250409272598,0.9926477749849013,0.9439093336499093,0.6836404513534757,0.6902401755600289,0.8242268263575909,0.9400321518380401,0.861148014764601,0.9108617388114802,0.9140408577467398,0.8420468811904142,0.9048335046133592,0.9290112986863941,0.8734269476414445,0.9852930563440516,0.8607088095608723,1.0064935753190403,0.895399492981433,0.8858526843825195,0.9262409696898458,0.989440585128636,0.8653674433755507,0.9405120012568111,0.9312188019782758,0.8932937341609218,0.8794502003271003,0.8965022323614426,0.8472138035765131,0.963392873086528,0.8929063382094885,0.882538112116095,0.7793835153455194,0.8975997360878026,0.8668191455744508,0.9022207936656131,0.9119667762573179,1.2441436150381646,0.8528374891227649,0.7764825143801959,0.9471162250479597,0.7309405825102665,0.8487424849045961,0.8569414508734107,0.7292611740909473,0.8156426626774012,0.8668652419650777,0.8562101959241922,0.8287585055339706,0.8811231871488748,0.9248131885938077,0.846926659958003,0.899258514784756,0.7908253298793703,0.9400035446957798,0.8366485119262903,0.9764253360496604,0.9745725143378616,0.940499015863457,0.8830258004806725,0.9467979835412963,0.9710069041326284,0.9236807957316208,0.94176296364822,0.8899470285213157,0.9238955792708122,0.9051583785385318,0.9203758105199333,0.8980115021921088,0.9075424973230483,1.0070002775325717,0.9634096022590464,0.8984590101115932,1.0311317704503218,1.1122184308443015,0.9579629729745678,0.8261275639439347,0.9662770483890428,0.9580597734483881,0.9168418910879593,0.8270313985300244,0.9853007280035923,0.9659478013850105,0.9710348353108562,0.9628670666596956,0.8860014569597646,1.0539224246744654,1.1743099463357134,0.9055519050435138,0.9749328996867097,0.8494466056115348,0.8787009859119819,0.8772940457147979,0.9741856195628101,0.9954963641232756,0.9658964256002192,0.9788738140591584,1.0350942459336054,0.8916479781111774,0.7446901267008166,0.7766678308613014,0.5368997834908865,0.7778731696882086,1.0251479838452346
20241106-297-French-9,1.3637492894389216,1.1886544284789509,1.2615431722489818,1.2887317865318193,1.3078378111182727,1.1851555517857852,1.1927835771257014,1.175480588478975,1.35945696790607,1.2259914074793254,0.8467547435648674,0.5368819394684212,1.2207355396891502,0.8423127490395916,0.8010819222188081,1.1539242365083175,0.7307334197601502,0.8098357218755153,0.9783050095939527,0.7472394051601147,0.7753909329347929,0.939723271262805,0.9483813491850945,0.9332380073829555,0.9622910748253181,0.9705339452144517,0.9730646319193738,0.8298130670907312,0.8691093987847304,0.843923430638482,0.8321497432097961,0.8645255113787196,0.8908300858001068,0.9113838204485593,0.9764194292738712,0.8592769354158903,0.6637407470590218,0.8257583885122471,0.6889015533954479,0.8970520788357825,0.939092904846074,0.7975732679688803,0.8509290567027396,0.937415296999042,0.9437321815232179,0.8510410579662674,0.9360501059770702,0.9057071266797067,0.9544084642522057,1.020060818935353,0.6627443273506198,0.8853870340463181,0.9801120978768884,0.6493100515776588,0.9102360138773155,1.0019379138483961,0.6321315357756209,0.6965614885257124,0.8781671721492149,0.8054931325673751,0.8983899680159696,0.9497965503513982,0.9357008758161873,0.9910167268948286,0.9476370891413427,0.98958982743498,0.9785003805900171,1.0146385646013512,0.9290902890948857,0.7403568802151699,0.9041376816593839,0.9702833607491932,0.9977447317399142,0.8188689894797889,0.8873981239076904,1.0370443134531362,0.8136354453369631,0.9381514967003605,1.0015704887914152,0.8308997491772682,0.9956891531220822,1.0027261336466293,0.9125303876503841,0.7906056770827947,0.9210247397521613,0.9329100602056317,0.8172896376572266,0.8200143611841699,1.0012185282544792,0.5669373935666833,1.249583116791751,0.6539668543529615,0.9917342672944637,0.6185878396358607,0.9778814958874792,0.5970778188845508,0.6599205458829962,1.1525645040413461,0.9183148387173327,0.6950944964544407,1.1125834392822898,1.0415986182971022,0.9866800799927179,1.1540630578731401,1.108153481386598,0.6656943191701898,1.1331603809739426,1.0394581289044482,1.1808339037295161,1.3524849756834876,1.166961444474863,1.1689021999246991,1.2632163329277581,1.1871628558655385,1.0818213918566966,1.187048221121077,1.1088652669257726,1.127884018501327,1.1669884131731947,1.1303240416408582,1.128978433884556,1.2415881296552078,0.757621736132141,0.5744676632494888,0.9700423618977754,0.8225273553909715,0.7782281351657458,0.9132581016103555,0.8636010528533593,0.8894465188785708,0.9267690177172141,1.027355644984497,0.9112620615457087,0.8494592374361405,0.8614833709900775,0.858848661967437,0.8474557244402159,0.8629593100804849,0.5874668062275996,0.6865076762066427,0.8924586032690367,0.7053174442042605,1.0204580465710544,0.9065002009479365,0.9230857608348976,0.9055908481717382,0.8729307044663855,1.033530473636229,0.7789352609993522,0.8991765983814763,0.9221185077998506,0.4978202693586114,0.7887372651859539,0.4707993476277774,0.707560112756196,0.9791434397836423
20241106-297-Dunn-11,0.8197169895717457,0.7894948985741407,0.8079907077157013,0.7834832036182924,0.9793718555212232,0.8951310707088577,0.8920688208686134,0.9583616449803054,1.0019403301815972,0.9278931530541599,1.054690775014125,0.8731982659905799,0.9234098744247494,1.115105413273626,1.0431527998433638,0.9358566286016827,1.169003363904549,1.0754636784376568,0.8849502083181384,1.1792608445529063,1.1672892191206379,0.9555082763508178,0.9965008520797963,0.9541597101185658,0.9428984840900888,1.0142718036258234,0.9738174182591626,0.9955593987101922,1.1419657581245344,0.9865383355084846,1.067685992084933,0.9988796644729113,0.8809533849834988,1.0401845218208225,0.9588629369518946,0.8253019869635534,0.9027730972641205,0.973917813138677,0.8934072542935548,0.8814519937892044,0.9604789957701663,0.9716224695460983,0.9823657526974902,0.9672800301487752,0.8220735877789759,0.8747221693075408,0.9180398448814173,0.9648882342000175,1.0070440335006943,0.8927279175238269,0.901170286830159,0.9397326807035314,0.8832684333651004,0.9358409741209831,0.9704880561236136,0.9192268766741838,0.8783787585720159,0.7985700431094294,0.9068487935123735,0.9621006149705502,0.8132497389476814,0.9597458744762284,0.9517344771467293,0.8400432905681656,0.9645741808183512,0.8790146540636008,1.000502052940173,1.0486337395647358,0.9524517958532223,0.8903167644380686,0.9138690841605908,1.0096538400447794,0.9810366943821416,1.0237490237489877,0.9119063447848205,0.9577444269235714,0.9825683439026845,0.9833132941916266,0.9575885286971676,0.9388832776437193,0.8617275579152099,1.0074180652787155,0.8364307151764899,0.8913736411382843,0.7731967998788062,0.9432280383142116,0.9140581991252601,0.9098572697103361,0.9246289756842476,1.0432416510097942,0.9478712411599325,0.6558526238747491,0.9105648100949243,0.7219631693556616,0.95826952687188,0.8344302715077127,0.7480000050436306,0.8314181981739046,0.9225934427994157,0.8566078372662234,0.9087626156451502,0.8723966493742236,1.0144890983267796,0.8674703631911039,0.8353973679264609,0.7479562417064941,0.8558402343974221,0.8320870143467133,0.9145987161002888,0.9449981390678674,0.8845170996936067,0.9268929565374395,0.9340398768496152,0.954382799795474,0.953341858886058,0.8694418278051195,0.9029794902198122,0.9114534325431319,0.9620638189146216,0.9393972694362723,0.9227255308869419,0.9633855964746645,0.9636548807080848,0.8736462152659115,0.8951968244471625,0.9054256226250149,0.8683679849297935,0.9425905121624889,0.8554399216267048,1.016150987931352,0.9588599197085889,0.8474271951533457,1.0607159776773256,0.9839728571478827,1.02714895888746,1.1176240509570676,0.9856295620078247,0.9823675706905257,0.8627368005428587,1.1088964620794828,0.9530916529757836,0.8451736572451995,0.9526864902537948,0.9239156739163814,0.899558675236016,0.9448996304231042,0.9544753782180013,0.9195574796689335,0.8548760766522501,0.9723632856588758,0.9497745261933784,0.8730264139750585,0.8309946626251058,0.5148513647881497,0.718232688678687,0.9346851506124458
20241106-297-Dunn-26,1.0301047948031679,1.0249223003528862,1.010893068527498,1.0252197049971112,1.0691275121993267,0.9724006672227375,0.9608490953688167,0.996872985886416,1.1401578807072323,0.9802211073381232,1.1051427840707975,0.8396930784010483,0.9533122850418106,1.0799537886858002,0.9950201054513131,0.8630880228703228,1.116845015275697,1.0571004894495695,0.8330211239486506,1.0707834779005063,1.0800445664226854,0.9938357542630735,0.9928661589073079,1.0272396803803376,0.9482991633677469,1.0092880586702586,0.9966887357118983,1.002834502540056,0.9185912048167366,0.9845870670791346,1.096264392583776,0.9952058881389679,0.9251058195356888,0.9864505516808764,0.9841061453545823,0.7978926561050719,0.8808796874876338,1.0032432345069378,0.8934838967008191,0.8910797129259181,0.9331136415607193,0.9307560014058192,0.9878568118914011,0.9240495028424,0.8568342631312201,1.1295101249446118,0.8978533289697302,0.8605473056653051,0.9342502417101173,0.8897823502984117,0.8663251876801225,0.983851071745796,0.9335557106913378,0.9476156621723177,1.0109342252653546,0.8942891619929981,0.6552650707316908,0.8503807815168669,0.901466263983214,0.9312242801379405,0.8471904788922636,0.9267763034963241,0.9330372436753526,0.8529536448847894,0.9211049987959183,0.9781621078327881,0.9308127470546889,0.9410000219320067,0.8927010947291739,0.8960547094144647,0.8819069185786915,0.9111884560614926,0.8540987553221341,0.7893596957595158,0.880637829735369,0.9036811661783304,0.9539915338537336,0.9117594389903398,0.9576918699629104,0.962303029629043,0.8575167791044813,0.9825700275848158,0.9672884721107229,0.9282072186259532,0.7857313507290418,0.9198635232647002,0.8843782827133728,0.9864477867290251,0.9125559534725985,0.8935982635325063,0.9611826008582224,0.6766900126114298,0.9426628728444647,0.7245208582205374,0.8556081527993736,0.8951403117986694,0.8149499540510393,0.9014715061331986,0.879530948280899,0.8324015451869236,1.0342659893083042,0.895611671825575,0.9356142584833346,0.8759756008563864,0.9298474764777506,0.8208225162869616,0.9297748646676866,0.8592462113746752,0.9161329080385541,0.9573776943994217,1.016369077136395,0.9243136969933697,0.9902498890619132,0.9428145320479566,0.9552517595943848,0.9162200137922043,0.8385099344022251,0.8771452313235765,0.9349212645642065,0.9290981878001126,0.8858191366095401,0.9680252168622482,1.0454018332120194,0.912783250608652,0.8713046135794889,0.9509970776676142,0.9932175586098715,0.9836420083758406,0.7900609585701042,0.9662170971720827,0.9059406831064553,0.9903396203336227,0.9909709010603635,0.9505721071435512,1.0266387212211687,1.0154760097515838,1.0157659121261304,0.864250730298057,0.7301648498954887,1.0676886920519788,0.9063284860349514,0.9371498181588551,0.9028490019219532,0.8469167529160474,0.9033016407901252,0.961865594784736,0.9510631755653898,0.9440464455688965,0.9868761684379321,0.9952331266004179,0.9536700870279424,0.5445033461308111,0.7996011505894455,0.3718116833941561,0.8492940388113304,0.9480296658451074
20241106-297-QC5,0.9811812469155408,0.9811812469155408,0.9811812469155408,0.9811812469155408,0.9811812469155408,0.9811812469155408,0.9811812469155408,0.9811812469155408,0.9811812469155408,1.007480138562867,0.9578376125199061,0.8765436516702481,0.9811812469155408,0.9688601425200702,0.9157999350972998,0.9811812469155408,0.9811812469155408,0.9108159036386382,0.8978953619217446,0.9811812469155408,0.9811812469155408,0.8927079259770138,0.8851461662062587,0.9355922601137268,0.9503247576953433,0.8495711810434158,0.9717412009685567,0.9212794933433764,0.9811812469155408,0.8937102475249991,0.9811812469155408,0.9468052134811625,0.8094104786590925,0.8855004390961615,0.9428122516755019,0.8204090374608467,0.853673823951036,0.8668033519933863,0.8705233328881562,0.9029342294399367,0.9671387310691733,0.8541572601216227,0.9072337820799272,0.9342901942699345,0.9029176602969379,0.9811812469155408,0.8930511923174125,0.8433481288860066,0.9409706818321769,0.8608022027253294,0.9811812469155408,0.9128601553896079,0.8693316822632707,0.9811812469155408,0.973248313696622,0.870694101274354,0.9355778018480075,0.8728181771248035,0.9302971090596698,0.899485843811847,0.9095316719105219,0.9180833126391122,0.9326584265490651,0.8499856773120767,0.97663244640665,0.9811812469155408,0.9514066000459205,0.9762997771989345,0.8963898241257576,0.7933563601813445,0.8935484315006693,0.9072313201239119,0.8982348695440313,0.7566287486855865,0.8967860713568278,0.9494605575849768,0.8890016778228886,0.947769487262786,0.8546319145392122,0.8636971039998249,0.8955604589457401,0.954244016239908,0.8721333773112308,0.8851401564958025,0.8193903237788198,0.9018407168215048,0.9049597104433537,0.8524066725272547,0.874896268162005,0.9526801325527684,1.0859481958126265,0.9163900718584611,0.8995162757187827,0.9157034796678332,0.8736982326488889,0.9355239319115315,0.9173749955909183,0.9811812469155408,0.8498237428394466,0.8964698136052367,1.0140289789852852,0.9225653276769326,0.908711185474759,0.9811812469155408,0.9811812469155408,0.9187396929941976,0.9811812469155408,0.9811812469155408,0.9811812469155408,1.046877820127429,0.9811812469155408,1.0050719011399056,0.9811812469155408,0.995396719780016,0.9811812469155408,1.05056140925876,0.9811812469155408,0.9811812469155408,0.9811812469155408,0.9811812469155408,0.9811812469155408,0.9811812469155408,0.9117598472357069,0.903350883680957,0.9363271538566457,0.8961970899454744,0.8841180591338624,0.8573449133009298,0.8800195049642296,0.8735685768602319,0.8969270317384593,0.9740646879454536,0.8684201300322583,0.9539504663221308,0.9811812469155408,0.9811812469155408,0.9559111012239879,0.8972873491577726,0.918339312311085,0.9811812469155408,0.8656657734085034,0.9121043559637083,0.9130098421013328,0.9979370733565063,0.924815068753178,0.955002386697526,0.9112970352466658,0.8984816591777988,0.8765254581893822,0.9294186289283548,0.9008018738040765,1.0159023818714656,0.9294611046568928,0.7799798138666816,0.9811812469155408,0.8748393226037
20241106-297-Dunn-19,0.9666909846307576,0.877380434010985,0.9377489257305024,0.8962342332998519,0.8837715677333347,0.83867871843296,0.8347298546486784,0.8200364288501404,1.0050873695160718,0.8581000231293258,1.0196759559746813,0.9271061444491973,0.8163589974696265,0.9841980835843016,0.9782139802239367,0.7907306382837354,1.069919170159899,0.9759871182470162,0.861800767859038,1.100203530534494,1.116707651588468,0.9501416561146397,0.9800349887185094,1.0015006837254163,1.0122198004601795,0.9548171620953976,0.9895615903453873,0.9940568713626343,0.9596801095024731,1.0245605552015684,0.9640629457510012,1.0286877083219186,1.0017712738145337,0.9577668524951043,0.9669908417662795,0.8511075314201706,0.9467777902222332,0.9935365064705595,0.8940855826992256,0.9095116647693093,0.9494968878700231,1.054383949162217,0.8858593493930983,0.9469906191197912,0.8341566171815469,0.9764235746000565,0.9087324268779787,0.9115557914462297,1.0484525130791789,0.9082088864364354,0.8693728849963092,0.9376338641022709,0.8985009891864773,0.9329131829086342,0.9528350058698903,0.9195380144524907,0.8570596760163529,0.9339268977983152,0.862600187874993,1.0137446810207895,0.8433727094203587,0.9732383349609979,0.9396942781289138,0.8549156758178802,0.9773570814382274,0.9958560035450003,0.9810842827856853,0.9442787089665174,0.8910332886935669,1.0015857200096907,0.9461034878634652,0.9261845387128873,0.8969941702898994,1.0565100539876597,0.9508765450618862,0.956587063739726,0.9133343806431443,0.8672795166176793,0.866679667127279,0.9265284452210198,0.8629450642716292,0.9263161327911303,0.9360999364223649,0.918007347856397,0.8538039480417321,0.9444000279097529,0.9386543860910318,0.9179412795602022,0.9153633844847398,1.037477161455452,0.875886001310023,0.7514516569679595,0.9888441986418003,0.8089827193895975,0.9493523239753858,0.8691213540491176,0.8399105587517234,0.8946688487988722,0.9500220693970902,0.8722942427146363,0.8476198274985952,0.8614930541603362,0.9182436334663596,0.862787532173006,0.8418302186087289,0.7873653468303647,0.8221297543600794,0.8012345369615428,0.8529694163428012,0.9270939583032073,0.8853344757376089,0.9014836783591703,0.9288325914960249,0.9209278596447531,0.8813540640344075,0.8486667046641635,0.8802504179908781,0.8738544511030154,0.9092198109548577,0.8779939303135401,0.8823276208907666,0.9307679393315135,0.972427379101743,0.9458190830175073,0.8342049581186812,0.9946349436482577,0.9457846512906185,1.0046811804199798,0.8426863606126124,1.0027400287731512,0.9252788434310083,0.908148869345834,0.9575384867032721,0.967578301362172,1.0022449337283166,1.1135384174467329,1.084400066732602,0.9027630164241994,1.2695137614373022,1.0759366325153241,0.8549363585311052,0.9528193911647905,0.9427204730600003,0.9092619898162493,0.8780868037606776,0.9546853514577066,0.961030917603105,0.9763815444517889,0.9663217325138427,1.020421540530847,0.9309301667765668,0.6500347039839884,0.8810889139171856,0.8577936054885733,0.9008783335388263,0.8535377058669082
20241106-297-French-19,1.170314442171008,1.1643242421767837,1.1729761628330349,1.1528688844842863,1.0491830684487848,1.0755977656127833,1.0894708811220322,1.079095404844159,1.2704196189733965,1.1260491552073608,0.8081298405279193,0.5485701500141312,1.0093044302827971,0.8157170740963948,0.7904178247458297,1.0015421061612044,0.79414024246555,0.75171589098726,1.0227552255429473,0.760182397197768,0.7888193352017554,0.9779455287852742,0.9669390159992742,0.9603672339322699,0.9396562608782271,0.8962379048129869,0.975648126514071,0.8959649925111781,0.8736270095545623,0.8793674376779765,0.8662798983800675,0.9024839787716946,0.8632149782788042,0.9668973808171213,0.9096101378915076,0.9169761535768846,0.5971885010491834,0.8341486898971725,0.7296852466501875,0.9314620249675967,0.9969966507388027,0.8334443791336597,0.8317571500648279,0.9505386804913044,1.096711316696081,0.8455290808333652,0.9552653844056583,0.9216975552082735,1.000657233089972,1.0569437349762214,0.7951351706275833,0.9176534957825138,1.0560263445225664,0.6476990398116605,0.8881946109983163,1.0137118026331615,0.6026861468107804,0.6580178472206418,0.9322752167606421,0.8692674658093577,0.9714638699146227,0.9345829440125694,0.9415980728087908,0.8600452609899294,0.9271498621693519,1.046133390875087,0.8994111095705152,1.081400390530874,0.9772979728294575,0.818011661095572,0.9282247210947169,0.9869647567226613,0.9114139539426654,0.8148612681209221,0.9253873699143884,0.975829338506966,0.9245562952427906,0.9786797045957677,1.0171615355032892,0.8952219740217497,1.1255818916234703,0.9936844452993018,0.9941795287100649,0.9514511095025705,0.9520405906361444,0.9320638518243416,0.8999870179819006,0.9289274651906986,1.079861846778066,0.8018774578779646,1.1444603778291793,0.6883247199291987,0.9434648665659143,0.6663872496855872,0.9534605429697413,0.8842019887177603,0.6926919778952165,1.0475066401835968,0.9302048265751154,0.8012909060703123,1.1602243319000398,1.0678846860012496,0.9947713285649534,1.039086964389683,0.980324206133681,0.7040939067301877,1.0344388261964248,0.9427462176665605,1.0580014553544872,1.1186192607974002,1.1103528042316178,1.1023727052251766,1.183512469370308,1.126074909182804,1.040617301531486,1.0831036844454955,1.1000891281202227,1.0541119078507395,1.1219121169569368,1.0146114972845273,1.0676895199497882,1.112367609223043,0.6917348948888179,0.6058833695690035,0.9897725130192243,0.8398885550831567,0.7471530612637118,0.8639851294943316,0.8691426777547008,0.9024333821319424,1.005561825282877,1.088342324065792,0.9772249928316551,0.8983592428471557,0.9237423771352393,0.9287076798168276,0.8944148274340231,0.828338398911234,0.7117681492585239,0.731323225144213,0.8467518396114745,0.764772837933122,0.9338708067505082,0.8630499166523072,0.9130420375378318,0.949808479357408,0.9862791778237162,1.0920857805814779,0.8713108667471217,0.9654528005763009,0.736683200057569,0.7901140624675004,0.8083563735222441,0.5436792332045498,0.7044804814957265,0.8812164963904311
20241106-297-French-20,1.0050037995428698,0.9603243833757074,0.9386006206710619,0.9520476220270828,1.018858578752328,0.964234435984065,0.9381300640496631,0.9443674252221067,1.0695963340750658,0.997269312655026,0.6786178101924251,0.4998821805838588,0.9159057966280979,0.6961695470254716,0.6793681046797914,0.9244052469962734,0.5956960011380501,0.6880913196338552,0.869346931442492,0.6015897360985429,0.6270981607316596,0.816533967568723,0.8414343768942719,0.8217307614956476,0.8588996777272441,0.8170931926652456,0.8315971248263517,0.758745838808899,0.5597379580941241,0.7727766379173507,0.6914980225599592,0.7690554500266347,0.6942851911677127,0.8231294355774319,0.841091579816707,0.7542021436852531,0.5779770794261588,0.7235014051645082,0.5502004602572915,0.7217605892300278,0.8122319861070948,0.7533001471975619,0.7367973753574215,0.7848885410090306,0.8702196750708827,0.7184385516022671,0.7905520821116044,0.7852946267573442,0.774552247387884,0.933186344358579,0.6718033618747755,0.7753768014511456,0.9116875150135427,0.5741909375499767,0.8224631419728193,0.8821027318089404,0.547112655750103,0.6674347216152798,0.7779958355523404,0.7138831044705534,0.7540601314671523,0.8240891330311751,0.7955288192152292,0.7738539104630371,0.8103207724559139,0.8253764657379056,0.9097369112882553,0.838828272023655,0.7627325309104642,0.6832100109954672,0.7586605561514069,0.7950139103502701,0.8492897235094699,0.7012387955959569,0.7592881320716082,0.7951866651925452,0.7289516483639298,0.8518273344066303,0.8210050853836182,0.7354135121158194,0.9040560631306673,0.8806294481132406,0.8078659768951869,0.7852124049706339,0.9282028866779419,0.9246723754020711,0.817803804049385,0.7264701831014979,0.859207799033586,0.3932874152735813,0.9471675959340976,0.5257415621773749,0.916939215649831,0.5413633492603078,0.7545538619968479,0.6563744238135455,0.6716254369492278,0.8950737349867482,0.8555122452300971,0.5639622561888732,0.8674323170725705,0.9351206922230492,0.8619482990023902,0.908159193812588,0.9025610650500799,0.6205679667228875,0.8970511390037592,0.8554872815297561,0.897864803583939,0.9750123537891306,0.9051077559799597,0.9304954436339604,0.9235783641308748,0.9516982659256296,0.9905307614618286,0.9211951942237064,0.907409625756719,0.9855707360600614,0.9741411973903338,0.9431230219376363,0.9387125276795688,0.9498439985671544,0.6915559470697351,0.5242993954674552,0.8746128397761533,0.7399939471409193,15.657338141721294,0.7516261334205552,0.730390434859896,0.7616426562378491,0.8344586448930841,0.8730923290789355,0.7566105741695375,0.7091649588745808,0.8134836480790746,0.799324506119762,0.8348751008850683,0.7440726927564947,7.47720178133483,0.6224801883165568,0.7426203383697642,0.5776068762803621,0.8298103242496867,0.7308860824712026,0.7633822987122488,0.7728770833004373,0.7028319590541744,0.9284068294821889,0.6974895098488081,0.8080565762141845,0.6585876552657579,0.5443419693473476,0.6329227062872187,0.5361041731106758,0.6278543410264739,0.7729698629576475
20241106-297-LMU-17,1.7560541669075183,1.6944904667996066,1.5529882948359275,1.655019395421451,1.316902617196358,1.2213332584852008,1.2295587048606134,1.2660268998875743,1.2301992933058883,1.1682220805273738,0.9631094773593343,1.0170036701605298,1.1280664128756257,0.9913510049977713,0.9570015506295382,1.103478694835827,0.9215332520008873,0.9827462637858094,0.7707918775386827,0.9088687214459963,0.9144726048134252,0.7189929027706484,0.8176679831350074,0.7029099906773151,0.7247847370248918,0.7062377146624652,0.7711083189029735,0.7950234740905201,0.8304696566568865,0.773002330001098,0.815635701887281,0.7861596057555916,0.7222401883424491,0.765274918750262,0.7283245234912349,0.7590011689663899,0.8897485129765597,0.6883873791681827,0.865671287743152,0.7473294067996253,0.7917423843899026,0.7239335989172183,0.809781859065227,0.7607747814691004,0.7559014876118263,0.8834747861213688,0.8920462353270914,0.7475661332321342,0.8699178387927456,0.6797971224910043,1.0793981927014185,0.853348849604121,0.6778932513247172,1.069750405206445,0.8910024445287246,0.6907989019889778,1.069276512652031,0.6546025797763805,0.8922776178896744,0.7616127380190766,0.6992137576299837,0.7834827688176964,0.7839068432192753,0.7037223470457206,0.7987730605499354,1.119013521379559,0.9929210664710845,1.0316875462960755,0.9328020218233622,0.8634992168234661,0.8733138717692459,0.9727322742649243,0.9877928114557587,0.8772108955735988,0.8569464075565485,1.008009117980341,0.8743199825254404,0.917565678530254,0.9826877877918806,0.8841981916836326,0.793194906824213,1.0030139864122471,0.8089085273835818,0.8040244169763527,0.7218097511406837,0.9427294348960037,0.8699193936252915,0.8601846703478576,0.7092268163824741,1.0095489379018634,1.1594809382144022,1.149505853294616,0.755586423803927,1.1897043925463235,0.6988543636822568,0.864860097498717,1.1567105042492876,1.0897752163696797,0.7445534081643713,0.8435639165361533,1.1520121731834796,0.8315513075975881,0.9967176750551633,1.096635694342388,0.9898109383815312,1.199695720447656,1.0159648946462574,0.9667176515080411,1.0540158243510291,1.2605792063189298,1.0317784381134536,1.1401963903532881,1.1306679647773799,1.116019862418728,1.0555585756287416,1.1114703349755928,1.0136161606014438,1.0035425401770317,1.112498713292264,1.0675904404502785,1.038423563999201,1.0828730868430416,0.9397812031938724,0.9321731161649484,0.7747662009751094,0.7335106459568675,0.7356776564639597,0.6438068086178993,0.7361994007602494,0.6625464364885879,0.7313846838681038,0.7959530700459982,0.7735763706561102,0.8923360241392279,0.9899685828291855,1.1312875908505824,0.9738993497359291,0.8767711228923734,0.9279701990665512,0.891246633936701,0.7434895270735961,0.9293440297885213,0.7989537861773837,0.7654744024033652,0.7913697028365094,0.7606353238325777,0.8096984420472021,0.6770607223656832,0.8224142810722778,0.9537231674452281,0.9478290689157336,0.9571349318624565,1.406224202748837,0.736465574484109,1.3141505736717152,0.7324842108652951
20241106-297-Dunn-12,0.8478572872744011,0.8536277158718448,0.9025966817982662,0.8175419940771905,1.1429398178694397,1.020920875833761,1.023372857270386,1.0225233284876438,1.055130412590626,1.0299332611077638,1.1503688206198754,0.8704464243060805,0.9924945872231048,1.1315845741436565,1.0663935375438196,0.9138969478882739,1.1166116225545366,1.0848828608997052,0.806732897337064,1.1383355341677892,1.1402791488187594,1.0099482178835268,0.9511454164057536,1.018847267090358,0.9354432797950878,0.9342610226928224,0.9704365395279552,0.9454814639673569,5.824895363280323,0.9649335000423174,1.0155200470552033,0.96968924993995,1.0663222884749335,0.9950777463169121,0.9504417903034371,0.7739347407368361,0.8404553474006602,0.9386199010927724,0.8257744576390479,0.8774926586772317,0.9222775594862804,0.884289438017811,0.878019254980868,0.9302103554626181,0.8441923549595103,0.7162763909578912,0.8890623578306901,0.9157499602238132,0.909550495029787,0.9029957467558792,0.7968571336551058,0.8921391398009281,0.8703995412936737,0.6413197346477151,0.906758177356036,0.8813307745900433,0.6445129393148963,0.7311027674596345,0.8679920393835259,0.8973122491864093,0.8124684942561503,0.9015410753397239,0.9125232826358886,0.796754094808982,0.9237154821073893,1.1306301258697897,0.8222374058657101,1.031389950802696,0.9185889361222842,0.7808942646587397,0.8509118900466897,0.9173929839246582,0.8380331357223361,0.8216562021522854,0.8526055290867066,0.9639325310754504,0.9167393469331808,0.8522887344776495,0.8676168121088633,0.8733653833773002,0.8068763348980106,0.9403433931572287,0.8060382477992923,0.8476348377889276,0.7461809383694007,0.8756851999675098,0.7764390446089231,0.9266612103445726,0.9077380332292173,0.7497479099570351,0.8725171838819679,0.6718638512641837,0.7619498488005869,0.700766099399533,0.7849611554133639,0.8085714840758284,0.6707812121473783,0.8685437357765643,0.7938313025038406,0.8100528848822729,0.9712477868755593,0.8596534929842691,0.9127465464828488,0.8487754561010691,0.9243408962753554,0.6847090597955126,0.8497875582304381,0.8821162423631898,0.8457855324583087,1.0575302808776037,0.8566612162211686,0.9089289873699701,0.9107039616981066,0.9552342767083551,0.8386535341028966,0.9157465930562902,0.9117215722466662,0.9460078444865393,0.928557134048696,0.8506207884131229,0.8844636521647264,0.8981680005224462,1.0975877704136419,0.9441662609316207,0.8251270914362402,0.908092819569506,0.9309289683628945,0.8863413988942194,0.7616143695200681,0.9620354468548915,0.8883855977899735,0.7877279155985469,0.9307042697147283,0.9248914758022605,0.9400979551116113,1.0153081822320056,0.9089126525199391,0.8332192308563809,1.0040794920742915,1.103917472377128,0.875344653535109,0.8796306354607076,0.937050368039638,0.9336569183828045,0.837815034584818,0.9023935223902315,0.880221988405467,0.9315935618362708,0.9183660182218715,0.9902946009116881,0.9199152966466201,0.6221844734333484,0.8613917007137459,0.5066403178473383,0.7617591914281209,0.9627190272973705
20241106-297-LMU-12,1.725350651626843,1.655608633158852,1.5816470126294377,1.6224656169128087,1.2608307542076742,1.2280187361257915,1.2270021152933495,1.200627206064716,1.2544307004852093,1.1883803617829942,0.9817715657782446,0.9211567291295624,1.0459787214541525,0.9968905689376849,0.9542309237290638,1.0112716350838467,0.8555072707093138,1.0033732727144091,0.8325189655667395,0.8567525673569776,0.8660376631827276,0.7470216268524363,0.7642709046278123,0.7412243131749892,0.6852968286814228,0.7249912421887164,0.7175131140393911,0.7254840423457354,0.8796438868208435,0.7485043754935868,0.9176259671165614,0.7506899881095265,0.8576006181521442,0.7689398220386964,0.7569141958194107,0.7463926271046788,0.8848639496830624,0.6818103921614104,0.93739894377922,0.7543072125072111,0.8041747555443594,0.8101821243744108,0.8021548881396569,0.7897248787123821,0.7821842042271565,0.9074863879110361,0.8953209859686058,0.7854931726453115,0.8877239758884647,0.6830128957384187,1.1688067796683235,0.8555439668454187,0.6917559020212378,1.0601145605361548,0.8592830287414681,0.6973398173128097,1.072268301903945,0.7573597990245697,0.8738878352446315,0.8494187941516042,0.8054075291496928,0.8137816040287534,0.8079786007236653,0.8238375742586291,0.8261612335762426,1.0843042872633526,0.9124332202129554,1.053632069752641,0.9702359978994416,0.9682740166628973,0.8619797318728184,0.9833648831332227,0.9884899625558252,0.7622079749873131,0.8747672119492579,0.9947867212553291,0.833261052469979,0.9366078595452367,1.0092739121366407,0.8561898125238045,0.7819104339249473,0.9840551282246435,0.806576345143701,0.8342525819825776,0.712434289774424,0.9200503964701078,0.8710155210780024,0.8731080799428841,0.6999215598072944,1.2761172338760602,1.0018076334515693,1.1179577965779213,0.7290874877711764,1.1663469306656722,0.6905478458990189,0.7804560272021448,1.1438994601323627,1.0583320789342208,0.6870896153739797,0.9070161084215955,1.1328485702139577,0.7953998807778914,0.9847632066120984,0.9372905250895975,0.9916260236106933,1.197349367993972,0.9350923323191213,0.919335957633382,0.9699218332807198,1.17093293452807,0.9892100725224168,1.0362737156537198,1.030837279167091,1.0793923105907974,0.9538175813810346,1.039973716876283,0.9470384194570015,0.9984754306531833,0.956114374325206,0.9932631090204438,0.9769821450670149,1.0251698629901311,0.9251539493629527,1.0626953210736423,0.737103898732347,0.7077531899000756,0.7942689436616334,0.7008047808011711,0.7769409180026154,0.6903484362857111,0.7973490447555825,0.8753110309416748,0.8529075133204739,0.8899309441885508,0.944974494374128,0.9566940275255809,1.0153852053563377,0.9651516169883098,1.2198781695667502,0.8961916001481173,0.8157827658516141,1.0182147997240614,0.7870918369246352,0.8016495843887459,0.7800825873969984,0.8771503602392403,0.8377115617914982,0.6821857937511834,0.7960787126509181,0.9413232513784382,1.0020494692378397,1.0252393561539876,1.4384544534737347,0.7825675424227043,1.3423666090578583,0.6878445516838617
20241106-297-LMU-20,1.3671370060729877,1.2890517044268097,1.1921905911069381,1.2237487948043584,1.1263704571854196,1.0978892573481565,1.0980901752086805,1.0863600354773866,1.1580472380337397,1.2284486133570867,1.0273348754717293,1.0765279067423914,1.3761689737752454,0.9797667145516014,0.9883361027396674,1.2158808910568102,0.8986143886138289,1.0557493128211903,0.8726987333478753,0.864226485139593,0.8635634635890332,0.7968629247351672,0.7381806125955122,0.7407054237797226,0.7383955904887407,0.8044889957830774,0.6897025977618793,0.7887695593245889,0.7870428296891492,0.8187189752833539,0.8520460239222353,0.7608616422011605,0.9056320216702197,0.8067122979195559,0.6984458174484232,0.8564747342678058,0.9841562690106327,0.692343549117441,0.9897521252030406,0.7830465634668328,0.7887625645995704,0.8432690449835549,0.7645779483640489,0.7828021850095689,0.7700026307648641,0.7975894905966415,0.9372488271729378,0.8564146366418318,0.8876095727931995,0.7306037485505262,1.073448500986048,0.8347732193962131,0.7214506065675993,1.0287718651938913,0.7869743185215388,0.7539388787163211,1.052598966896849,0.7920229853375366,0.8139112399577612,0.7653820681699415,0.8462468388031423,0.7988895805645851,0.7888421016642714,0.9064759198595284,0.770619940469395,0.8453057541884486,0.9625842424616319,0.9303504051137204,0.9600634996347839,0.9011188907426358,0.819376696253873,0.9485829446073729,0.9644564277028738,1.1565257164382041,0.8793460774291124,0.9199938802724117,0.9087503131490576,0.8938397254286795,0.983524990096919,0.9125842926901528,0.823275097110507,0.9194749884084996,0.8711187451417626,0.8860392636971262,0.8267017438578532,0.9111298420246878,0.8909083731047537,0.9312394283712517,0.7398241873637741,1.2356483545869843,0.9476274163751938,1.079475096921542,0.775893787300546,1.1141736879412127,0.8316878505429857,0.8125825669985114,1.0227619830327241,0.9619707600893156,0.7784085750317014,0.946158572055356,1.0352952325638052,0.8292104224764741,0.9550914035072086,1.1110608031534326,1.0747168067741253,1.1168135683157392,1.1848128311033366,1.0419300535197673,1.1734629686972788,0.883564174565417,1.1625806789086097,1.0089089112238008,0.9119637239032651,0.9268440207087717,1.0897114239417094,1.0660964110101905,1.0580736949089333,1.070341143305089,1.0935476925036236,0.9844520140228277,1.1984079007749866,1.1634900965224033,0.9753138935452361,1.127482191889445,0.8283621746100226,0.7882108668321451,0.7712593283054338,0.7648419512972446,0.8478664723723718,0.7551018751193415,0.8008386671190613,0.90621956991745,0.8628678694640463,0.8171316487062342,0.9438036445371241,0.9497959851318821,0.9046805557837858,0.9140948828020964,1.0099704947029153,0.8148521591192366,0.8810671272001227,1.016613565385091,0.8307812764967198,0.7734215439041405,0.8815025996187085,0.9426826846598991,0.8873988774691813,0.7303742572101172,0.866243829757754,0.8771446150255486,0.9461989922710026,0.9615615492169333,1.0993739152052444,0.7674716495811067,1.102981416292645,0.7961253204693186
20241106-297-French-6,1.2779502358335664,1.1833148679297438,1.163029222130129,1.1889015004112844,1.142074083256719,1.1060513521229853,1.075186397208959,1.1075265867212156,1.1427550368832482,1.1963634435344543,0.7779683857356464,0.5788721258628349,1.3645525828055265,0.7592099831802308,0.7728755396649819,1.3473193106608146,0.690263769946859,0.8158705500935202,1.0146125169198421,0.6770905017010614,0.6912223993698021,1.0103110909238262,1.0365924337721677,0.9722805516173582,0.9863989575372083,1.0271600311417886,0.927865720406987,0.861513803607098,0.9423252584541073,0.8741057204120096,0.8413532350652075,0.8810325223618297,0.7247077265230217,0.998920626313135,0.9549730535020707,1.0492601830626138,0.7006720419982835,0.8568076704491432,0.7122242754786084,0.9760103636521664,0.919536283581004,0.8063364535743474,0.7222676858128336,0.9198591601236897,1.0304345981719776,0.7604897925734754,0.898322165667993,0.8919719561980075,0.8824508586738021,1.0285395940265882,0.5966515616117496,0.911728243377531,1.0331347820423193,0.6046420822540751,0.8892872127811784,1.024666542895306,0.5639284633938526,0.6263535417318015,0.8344797528798448,0.8563765370981372,1.0164329375253758,0.9836869099619575,0.9501465002956846,1.0225038048899033,0.9373754954372053,1.0379792288373257,0.9389805397030101,1.002325849629509,1.0077383550494314,0.8583778385375646,0.991654961416673,1.0194902447850906,0.9587725818427477,1.0815719291445454,0.9225338427517898,0.9649891392936433,0.8774348746926031,0.8489812736307485,1.0232337854139968,0.9434537338528571,1.0400854364397056,0.9849328276625017,0.9706427108552034,0.8973966358576657,1.0378747178769374,0.9711134391640099,0.822018541356706,0.9026045459570512,1.004849927903754,0.6906669935367507,1.0643731684589124,0.6328518897420632,0.8107857013277371,0.5956565235298759,0.9097343977604957,0.6436064975089179,0.5953164912763502,0.9304172468995617,0.885007919052508,0.684721840116102,1.06809341636171,1.0514690687743997,1.026267458410608,1.2686877493223534,1.0925605266395715,0.6013446519509313,1.3111055281977764,1.062596158758677,1.2771616110727526,1.0111582498961915,1.1024042693190825,1.0576585055595134,1.0736511002779194,1.0535522500279617,1.414409398243473,1.1700730673143542,1.167624923862885,1.1094209383097056,1.2357407579669597,1.1174103243485067,1.3243000398288058,1.3200157747529113,0.7658074740485541,0.5973010568885194,0.9677907728300587,0.884048644276092,0.8857452258078353,0.9796996147076613,0.8839375500070706,0.9185735038360489,0.9523207052935748,0.9874341260723094,0.9371264390285124,0.8289817524113853,0.7864699507137488,0.7901248251742788,0.7667444934759887,0.9363646645723023,0.5547306711040422,0.6629342126482024,0.8977428288537956,0.6786603521211441,0.9251911585085046,0.9545101557939436,0.9379101038084581,0.7908788429655154,0.880615023377768,1.0150860011782858,0.7792070863251866,0.9307462656351558,0.7610473678367892,0.7239024781431121,0.6941558994008765,0.6114466664810376,0.568908530069804,0.9641311404273578
20241106-297-French-15,1.0639488787660814,0.9600148962845868,1.0170532620524855,0.9572984614080803,1.0927330856051884,1.0180870102054258,1.048930633715473,1.0496308036197257,1.0558932444571298,1.0510076961277584,0.6540910961051111,0.5191652969691224,1.1240790276737642,0.690060594937285,0.7014724244947655,1.1033245466236001,0.6524656933251086,0.711268781054993,0.9878178552201217,0.617479739616017,0.644269190661632,0.8490454087666528,0.9272971902326227,0.8151039772410913,0.8964388610301707,0.8616505022115716,0.7739172721517723,0.7991765838046018,0.6827334729602634,0.8277958691051277,0.6913650245740934,0.7687495895253799,0.8090252800150243,0.8474779674847118,0.8634642441252605,0.8177647156532515,0.585163072873139,0.7856835556859479,0.6251491320465674,0.8459972123218084,0.8400999936336969,0.6835567598159532,0.7375737612759093,0.7992758898767377,0.8303198604685513,0.6294355678243194,0.856827580244557,0.8803549757129482,0.7622905258854383,0.9513793525545757,0.5398851235962848,0.8160950405227497,0.8927332021791445,0.5063411455786659,0.7913834539675596,0.9242959936415919,0.45553214289443716,0.7786619492958579,0.8042609409600695,0.7354852577276618,0.8067091371102733,0.8412771709038562,0.8292991807667826,0.8420405294727846,0.7979677089407081,0.8882828330176928,0.8322845052217392,0.8481582935028061,0.8717744944259467,0.7637244748152663,0.8011967590730066,0.9158803724142276,0.8844190699443214,0.6798151725947399,0.8226754661613943,0.9120008757590705,0.7583846299274571,0.8080701595658375,0.9876970507822426,0.7801723764246217,0.9006510007516281,0.8957811366013811,0.9038401025370835,0.7798814444076215,0.978038715171184,0.8814364523079917,0.7156951563316996,0.8175356726802806,0.8968956016932289,0.5181062734591049,0.8253164908253391,0.5012038395104871,0.7525608538570194,0.5683816599887443,0.7601558617973317,0.5071066790723701,0.5048210924538785,0.9541604451946587,0.84497382788934,0.599280241306781,0.8682301774064977,0.9049173801145567,0.9162958487607794,1.1127701328171453,1.0463036228883411,0.5558257267544805,1.1282749348927403,0.9541593437064037,1.130701306844312,0.9376161095012989,1.048023004694297,0.9276278167380507,0.9580226069006309,0.9329260697319705,1.1283366000459853,1.030907391887966,0.9488356471267277,0.9920011524709234,1.0591547324520547,0.990509305451763,1.1812653561444475,1.110887689896058,0.6438747847090887,0.56021099156494,0.9340315604556712,0.7631724519848181,17.367898363576103,0.8723183184578998,0.7813768584803492,0.8086532509493037,0.880066350374024,0.809196173919896,0.9350487923787036,0.7382159131034222,0.6233906095275015,0.6931070596205104,0.6393186909893792,0.7990731592998147,0.6136630451186758,0.4867264135617637,0.8871895694596452,0.5335535737321832,0.8734035379878189,0.7995142512161965,0.8434157346637439,0.7648315672348865,0.7955986816574897,0.929391854128398,0.8159593620765817,0.7972590537485116,0.6818296438712195,0.7698881289709493,0.5759115545332789,0.6889409233717699,0.5216377891075561,0.9104931106053075
20241106-297-Dunn-8,0.9550388614464345,0.8752271171290145,0.9043941815146935,0.8985110373375146,0.9559803266844795,0.9887439371618453,0.945228299409468,0.9445845441388988,0.9528364192443439,1.0409609548236267,1.006021011117516,0.8892395268499955,1.1013274745010135,0.9719405423383413,0.9869772505395595,1.0623838287641678,0.9884486425643997,1.0189305442442225,0.8265555741795482,1.0335248125690784,1.0396183906137233,1.0235759745317043,0.9820123439104799,0.9756150457254977,0.9116927886509795,1.0618958509878702,0.8903362727377097,1.0023820426165508,0.8594252319174354,1.0190482630387028,0.8458130553724705,1.0089124907892701,0.8774957531641864,1.0262497315594874,0.911566394639997,0.8151722901668152,0.8237573509912177,0.9590208582647306,0.8975619597750584,0.9258471241307842,0.8805766692529527,0.9423452157138711,0.9159766174476445,0.9730883897679442,0.8223454112187775,1.008188595739481,0.9735088483073279,1.0213994878666182,0.9054759203972215,0.9457627615139682,0.808362015545493,0.9225629675377206,0.9203871453545628,0.7282880645270811,0.8326083013242828,0.9281657973698522,0.6291316999347129,1.089238489715655,0.9185898349737978,0.9202323335748724,0.7986636637614875,0.9384729057088611,0.9271852582541087,0.8057905334502169,0.9112662434772846,1.122045372240113,0.907321490890462,1.0496876090303329,1.039101283561389,1.11326254046231,0.9653395004769992,1.0357658466900461,1.0285507855531124,1.1667272622708036,0.9194847726023387,1.0920757312551694,1.0018629649342203,0.9197084080478668,1.1010425453297052,0.9944638295457854,0.8463822748618182,1.0050244900938223,1.000618522311712,0.9728680256201856,0.849784785929595,0.9861121100827246,0.8826469677640398,1.0316118409781718,0.9657248106456088,0.7432016924865998,0.7938050579084186,0.6565357455725539,0.8178139039326358,0.7018006748998185,0.8546725953412663,0.8274837192581761,0.691494491988415,0.7195306691774049,0.8356006289886163,0.7963204390113601,0.8730422547838496,0.8675662522793821,1.0521081971289814,1.0125196568342876,1.058230158071047,0.700250497000941,1.136842328074144,0.8980811997678918,1.1256693436942662,0.8513099248737669,0.9937748592183747,0.9048734734304573,0.9277190561360968,0.9196785779973565,1.0527915552979124,1.0637591566157365,0.9318435405177692,1.012544673714586,0.9842133311306769,0.9218546744487133,1.1083921836921287,1.0875643421449297,0.9376056920270083,0.8711787473840404,0.8123829708603801,0.9139877553739392,1.1468390704181755,0.9966987576392897,0.7993185067187822,0.9702972572433591,0.8934380711307258,0.8141348051536123,1.0611366378428966,0.935803435833588,0.8548713354432208,0.9075672185056157,0.9000238566731222,1.0784774438539808,0.900406935381826,0.925930946865374,0.8703483265019037,0.8382478130326896,0.9838321931797666,0.9179730049146884,0.8797212961709135,0.8358880631170248,0.9052654611603363,1.0005296536724846,0.9460511408022741,0.9522915448919347,0.8561207672748261,0.567556829277681,0.7485723194885491,0.4353462980518968,0.6971837423733734,1.0416877619811946
20241106-297-Dunn-25,0.9502928390186253,0.9020472364258771,0.889370947281146,0.895604865830833,1.0213006937076454,1.042714492975745,0.9901590047126644,0.9713104674666851,0.9241979507179905,1.1826593023804362,0.9507530159563675,0.8206740090957788,1.3365323978461976,0.931775086073413,0.940064029215478,1.233509954713572,0.985124226510666,1.0033832082977627,0.7913913832986704,0.9504497710025497,0.9976834259996125,0.9801732410533044,1.0021679254916473,0.9534985189858747,0.920463428266506,1.0333296630306603,0.9042186907543562,0.9343602814701635,1.0397862719799567,1.0487102804817585,0.8468736471758055,0.9908244864131969,1.0645143305020912,0.986133114896492,0.9256354049902622,0.8286314977212722,0.8962078843982905,0.9440022521016462,0.8811629256593146,0.8405533753343399,0.8401123332462916,0.9179733662936789,0.9313170618578182,0.8947480591136977,0.8105249693322697,0.8492073354848255,0.8862158686422235,1.0098650754771101,0.8931948936898263,0.9431710473961189,0.7034910497580461,0.9161603668475883,0.9450716530776159,0.6264528188645386,0.9096402385332057,0.9727890172610826,0.6721376357452815,1.0536190914094816,0.8672466483601627,0.8912740400585087,0.7297109604944195,0.8759081950468427,0.8830120192108019,0.9215673282936754,0.8996342928211335,0.9046148909038148,0.8425376990713513,0.8474371007103579,0.868479364748019,0.9714377296166123,0.8506966983002611,0.8871287646193013,0.8575830775964923,1.2185274735494664,0.8458126797364258,0.8689763566254132,0.876687484297496,0.7862576771377948,0.8999463227959431,0.9502974934320829,0.8458739641496174,0.9019850895869984,0.9775316208910108,0.8536935238413444,0.8069743318291237,0.8935474659808283,0.9163342902796993,0.940639003516027,0.9783978866394942,0.8231270078885342,0.945187382741174,0.6717375936307162,0.8553061193114478,0.662481001159619,0.8834236514711554,0.6815135885559328,0.6839719116990389,1.011072823587218,0.8536336614543008,0.7826147551783744,1.0286461375263964,0.836345754747144,0.8844280922494001,1.1876231724281179,1.1746252796557841,0.6854226097314351,1.2356178080778146,1.0742116861913915,1.2251892664793274,0.9803373568056525,1.2374672649686842,1.044536744564011,1.0382346455077245,0.9918226482879671,1.2267048223912678,1.1460286195792122,1.0741785020190882,1.0531964015568585,1.059764986002175,1.0322048218755928,1.275235914631602,1.2098624508053373,0.9655693022984435,0.8058150172041344,0.8133645774671743,1.0245387519635896,1.0296392551916806,1.016896201288293,0.8240428538737524,0.9385093528299451,0.864541915660527,0.8699564158299588,0.9173664511692216,0.8152011478878515,0.9377266907868685,0.9471417218960039,0.9153028113054107,0.8400422700144685,0.7962006359254963,0.9445449086594248,0.9175857262839966,0.9395020206947343,0.9855474065644608,0.7722916998018923,0.8492963213019348,0.894059389474018,0.8741336433822668,0.911598669680433,0.9387381157792086,0.938771413898683,0.9324166109774271,0.6587614337167982,0.6903969500778017,0.6949724445351863,0.7281250803008879,1.0722449828286444
20241106-297-QC6,0.682409007925836,0.6996578994823768,0.7499549003040245,0.7009637578439148,0.7431082145690043,0.7292648733010696,0.7177703940156104,0.7524077972510583,0.7310175262990879,0.7303751001507218,0.8445141824391841,0.9948307594426113,0.8244220431134868,0.8349063118054646,0.8832796522974264,0.8244220431134868,0.8244220431134868,0.888113003972841,1.0145391377793327,0.8244220431134868,0.8244220431134868,0.9447507296141389,0.9549808488102898,0.916791189991626,0.8905654839933245,1.0138871735986674,0.8403447851678807,0.9747829319113267,0.8202296957840769,0.990803834654299,0.8244220431134868,0.9649965665640563,0.9052699478401086,0.9472645758316928,0.857972991769266,1.1416888568199575,1.092452747263628,0.9428264696968295,1.0705494951688561,0.9805301943072796,0.923827916434739,1.0440673859857819,1.017905160156058,0.935676667981321,1.043016794320403,0.8572683518905961,1.0844567504896143,1.0373722641654786,0.8379726056454724,0.9955598691635374,1.0200737068184524,0.8861241707953696,0.9821137893993346,0.9859986704494799,0.8311418955090004,0.9290374737382807,0.995974278384972,0.926776583539327,1.047612688179767,1.036825534219464,0.9880495759835909,0.9254157347504542,0.9337988749641456,1.025613266482104,0.8941112162373053,0.9075529635166372,1.053391297146305,0.9811179011784715,0.9388535355635282,1.2228440443445312,1.0542391156042892,0.9951229372261172,0.9005522672008628,1.3670937627312605,1.0522853725633283,1.0160075137984501,1.1182441562958347,0.9452434604263853,1.1291344648033186,1.1261652783757994,1.0909783237942903,0.9686807807781982,1.0285819186646585,1.0814546160370795,1.0804161066671039,0.9642796086157511,0.9486977780498252,1.1172521627743381,0.9245752641580165,1.0009287212546072,0.589475742980919,0.935510338632949,0.9233738743802948,0.9289897268428082,1.1066912922602634,0.9698030915368565,0.9073179004649118,0.6136102532782614,1.047740368342831,0.9458387936123467,0.6331059540373907,1.0977940228069933,1.0162799223588268,0.8033353309411315,0.7705565279800041,0.9562959503466404,0.7858851673131955,0.7122355000353391,0.7889029229546213,0.6968310256290816,0.8244220431134868,0.6771711757353421,0.6768320966156995,0.6835517044126185,0.8244220431134868,0.7450972805999004,0.6974491574203053,0.8244220431134868,0.757236286334468,0.6775540593767927,0.8244220431134868,0.8115149772900012,0.887193541916999,1.0004287928289677,0.9364612954273427,0.9111736420851229,0.9149314844209891,1.0047629121335433,1.0141821435524079,0.9259804778625538,0.9897447017405796,0.9735000168596798,0.9574124857418792,1.0382267093959385,1.1267446881960232,1.0709004247786036,0.9863138561907766,1.0352089790005594,1.0259026388519943,0.8244220431134868,1.079125316313995,1.1430238523444194,0.9415872396356704,0.8244220431134868,1.046612759760353,0.9858569418177017,1.0589654891146514,0.913764698890906,0.9741681117211283,1.1260961992362142,1.110890036237463,0.8244220431134868,0.9705844313936275,0.8878531217908753,0.9377390897012466,0.992196859857818
20241106-297-French-24,0.7791114257412753,0.7104496241741487,0.7700989093993619,0.7392270640081969,0.9687249350428818,0.9510335449393313,0.9140556248714697,0.90964085911841,1.1067980696724986,1.1482518824833556,0.7476049447062709,0.544082720831788,1.4371432625583445,0.7864702365907043,0.7645116185007176,1.3395054949334173,0.6946849462677152,0.7936945763240367,1.0262328306325097,0.7278670608756714,0.7081948802782067,0.9908180712291585,0.9899883770807845,0.9366335602494071,0.9223897238383693,1.029921489483263,0.912502504428981,0.9069302330869545,0.8363030273685573,0.9436117983504838,0.79503423043014,0.8953996523190644,0.7712944276247795,1.004708721803846,0.9350187771190477,1.0501669110344147,0.6654005628189276,0.8917105605800759,0.7216076429528399,0.9489565689542966,0.9173702734382938,0.8661968793831201,0.8327891438311665,0.9117011346559571,1.037918162912817,0.7607605190146425,0.9214123444739294,1.0113536442524624,0.8980087703026407,1.0729288133306067,0.4809685268770364,0.9374035245461966,1.072937192748692,0.577977046104364,0.9140154285045106,1.0896506551469662,0.5522086691637705,0.7311179300533043,0.8666937978272071,0.806175909778971,1.0328359782622545,0.9390175461804202,0.9296738659978626,1.0089191590053905,0.8883182762462328,0.9383934064284178,0.942394019237214,0.9174164823768953,0.9073746744863379,1.0264387464074416,0.9236494301380782,0.902136962346249,0.984091491137718,1.0784561760974076,0.9067881113233008,0.9073056947885287,0.8781858274648296,0.8536187876574467,0.9763406492455697,0.8955957491048245,1.0749346733571266,0.9627805827087245,0.9356024409429433,0.864106311109927,1.0995331911010047,0.9281487730144847,0.7905996604351624,0.9065850770566198,1.1026364962057447,0.7253197062334624,1.1180699522911837,0.6143170994080946,0.9190889895353471,0.5940786326922763,0.9000911761551047,0.6558864183985221,0.5985357384033909,1.1524668343224937,0.9314152734211872,0.6749624954791299,1.1395800920677757,1.0368073263847086,0.9078671235071509,1.300080917316904,1.2289778003435463,0.6311545092096188,1.4008040280006642,1.1692757299106662,1.3507211380471909,1.1908878846886735,1.3951234859573949,1.140598003560067,1.187153255680511,1.1572661581712522,1.4431979960818009,1.2708363884161062,1.1555652932885045,1.228697995730373,1.3009468303580358,1.1668744096246026,1.3638901057139954,1.3557350383778555,0.7573528642270092,0.6273173055646168,0.9865415503202727,0.9160552637239101,0.9333846806384957,1.0074242482921192,0.9355846580665318,0.9126333818830463,0.9623332988675984,1.0761522567972692,1.0613094213271124,0.8608420722957437,0.7573271928311504,0.751515771858679,0.7907392503482752,0.9734321990801362,0.6593730501522487,0.6394274746049885,0.9679189346822261,0.75289488725784,0.96787399048648,0.8812884627891899,0.8945269320136394,0.8562828178696487,0.9331315029420318,1.078618938530958,0.8352727499282367,0.8622551193286806,0.8610803587458522,0.6586784338089838,0.7267887473204414,0.49267687803584087,0.6337666002490226,0.8929624781556529
20241106-297-LMU-14,0.9286096496658308,0.9042375750182207,0.9460673568915361,0.888978078860418,0.9716012745665626,0.9513937486897918,0.9147647029696446,0.9631021080798793,0.9692403365353336,1.041773377130894,0.9438436838725186,1.0301011024314106,1.147792081591953,0.922897120078749,0.941701461091038,1.0880155681832446,0.853780581884267,0.9972769861376408,0.8730228154284012,0.8242008562507273,0.8647504377621449,0.7717899558440456,0.783646442024033,0.7450973114068583,0.7695487281246829,0.7637360690964178,0.7440047509988934,0.8033568173291715,0.793123648091111,0.8071489527568045,0.8814416998164847,0.7669262206685883,0.8735770213644531,0.7863043488061834,0.7450996764051897,0.8256229612233968,1.0662788711601785,0.7061718461732136,1.0546302687564075,0.7895905745040109,0.8419541136377435,0.8146622733087467,0.8487847917693111,0.7899156477085778,0.8335612348387582,0.8429789432983972,0.9268077170483194,0.9157732182635017,0.8650220292771457,0.748303802272383,1.1598895328389849,0.8806203038502644,0.7432635905573955,0.9986135050662995,0.8639247440553048,0.7698039834938369,0.9961974906207789,0.9592670241136819,0.8864290513854314,0.8616027336890997,0.8101740407178478,0.8287350521422516,0.8058498243847145,0.9525152969134728,0.8183669123876051,0.9163049076948252,0.8967392258929174,0.9430543678356187,0.9951750224164237,1.004373651564023,0.9312627213995079,1.0054693847019998,0.9594769572271661,1.2474366720710206,0.9051563674596592,0.9874825595997176,0.8892581285440658,0.8902714451584516,1.0340678283076083,0.8998522925803579,0.8628304650700295,0.9749450896900271,0.777705849942446,0.8585051231936027,0.8469026213280577,0.9627983737742901,0.8221474967525344,0.9165054784010058,0.7500932634137137,1.3186092580046351,0.9547521494495822,1.0711935307372806,0.7347878572810093,1.168726245196559,0.7640733993437638,0.8136596837880373,1.1925576705257914,0.9614257795293297,0.7541964428362048,0.9201929977116671,0.9635699628400558,0.8538990039484687,1.0165598585208961,1.1108123443906592,1.041271089390108,1.2138350399202362,1.16845820776498,0.9703929106188032,1.1308807191087766,1.0073029682125374,1.131209981335668,0.995221601494807,0.9951359247310941,0.9828138134482688,1.212807371445028,1.062842039229056,0.9808166016606005,1.1321961971608039,1.1703664592461243,1.0337855058383547,1.1487834922061915,1.1317583003912877,0.9200342014632567,1.0578872952564697,0.8044066750426948,0.7520096322251846,0.9860555420145337,0.7553357792663691,0.8153961178502579,0.6897711322973422,0.8631600936997236,0.8957907580164887,0.8670904510479605,0.9291095036452176,1.060735714852963,1.0171611735331387,0.9318766531140847,0.9317902615014972,0.9297808187866562,0.7874253032989222,0.8282661862911221,1.015793848282574,0.9011417457180181,0.7635087825778478,0.891924932845142,0.8077850243478866,0.8565410196138021,0.6715391779848617,0.9019314538348289,0.8806538642837857,0.9851113814627636,1.0679932422536649,1.2921654395877142,1.2707941419760878,1.2162265482756642,0.8481180358316598
20241106-297-French-14,0.8573775773514133,0.8252934073502126,0.8391301023040466,0.8399033089930411,0.9837404973130909,0.9406994487362939,0.9027453257447141,0.9010956917059563,0.9190166269865409,0.9300144639657953,0.7109665562514582,0.5529851828301607,1.1044186165032939,0.7050155997036913,0.7106122197869051,0.9792013483152098,0.6053705244264045,0.7473699199821889,0.8719414319456121,0.600269181241546,0.6321988697268772,0.9089293176021229,0.9393524076969327,0.8880642685223997,0.9436183926385053,0.934954102808708,0.8403631262378243,0.8182194679749042,0.697750790460221,0.7864021035214958,0.6803607201225085,0.7756834817573768,0.6923533002149357,0.9160630211338929,0.8769883876540432,0.883465709002326,0.6695750026224361,0.8707831615996613,0.6934992970572348,0.8718267960951334,0.8385871387294017,0.875537287758116,0.777936917423674,0.7976960619956467,0.9064552882108057,0.6500316873047657,0.8592679346099048,0.8552662787540636,0.864172530967252,0.9966554051374629,0.6208893078103418,0.8001268180008735,0.9547511055477157,0.6549891493012453,0.7959495886536162,0.9746967748168522,0.6044621763562963,0.6689546685768413,0.7966777838565491,0.81353351818332,0.8204412374978111,0.8613776673680217,0.8175113971816893,0.8830721306106074,0.7896150127911441,0.6870828666613451,0.832974431312177,0.8350953103770926,0.8327687745094554,0.8786586222818056,0.8881359303540758,0.8656103824626549,0.9025861900622977,0.932458915805168,0.8888058739351282,0.8537413070919951,0.8317503471483588,0.7604789734489711,0.8345683217549414,0.8128120992897515,1.0085462372849565,0.8493881438038056,0.9342183532576402,0.8189908040545495,1.0624555768806956,0.9359105320744735,0.8419443326969863,0.8491695131026784,0.9323453479115023,0.4557299348174555,0.8169333076220622,0.5417436560521084,0.9094848112144778,0.5854859673667309,0.8088942022657274,0.5233051499192873,0.665949281476169,0.8209356044575021,0.8461789648181852,0.6654838039924277,0.9356060358226554,0.9597160633195645,0.8832193949185193,1.0497439696718354,1.0208263222971743,0.6713300191007875,1.043080685096544,0.9843793911933066,0.974055824420583,0.8104597305579221,1.0440695586867959,0.9554241026938608,0.8460109830869517,0.8606327849600924,1.1877667469161848,0.994294823815659,0.9491425323485436,1.029579924149159,1.0242574530146125,0.9259996761703858,1.1094406205622094,0.997434904874648,0.6833367299033138,0.6099940266299816,0.8493855146622081,0.7689765635924793,16.406723064974422,0.8978737034416624,0.8432782041915524,0.8339145940804635,0.9103590492659381,0.9360057967467003,0.8601265675552239,0.7322191160698195,0.7598262183464853,0.7013842150705984,0.7171682270910833,0.8116632141702046,0.7247161756879699,0.5955010053561947,0.8810825018852069,0.6429524446949211,0.8749448420883569,0.7525995886062974,0.7213337310628857,0.863862900604036,0.8194355295451299,0.9696390094268639,0.7979342792524905,0.742704687989542,0.7264336380646306,0.5410169511338556,0.6387653533010124,0.7026103986650578,0.6459217846537749,0.9312288883319063
20241106-297-Dunn-24,1.2359794012778909,1.1308027424854996,1.1168684111261302,1.2150741317128515,1.0774876890171246,1.0702832433430647,1.0210454946760008,0.9824046880199417,1.0991020068755617,1.1140353871146533,1.003048902682175,0.8854856375716301,1.270049569506046,0.9700669636166892,0.9572399194406007,1.1491790615251989,1.1044319337921535,0.9543222515097619,0.8188552438256488,1.0296383670748621,1.0541673617494227,0.9580403076991881,1.018011005448265,0.934648614016504,0.9730186834624849,0.9912451488825237,0.8839606581064642,0.9802150157294041,1.040620318184019,1.020048411511957,1.0151766740965715,0.948857753385563,1.064311142882947,1.0123931734348566,0.9439808336570781,0.8805875273359322,0.8766474365893216,0.969985216203348,0.922192174983342,0.8781439074806586,0.8672786541395359,0.9558817898283861,0.9010227088763654,0.845597949487745,0.7980369521808545,0.906249377626502,0.8894955288545161,0.9365267917114932,0.8955353228322872,0.9491299344614339,0.7313445175709875,0.9156773535863221,0.8852832906170248,0.7220558252163742,0.9098021247176504,0.9009442644836958,0.6788665458149471,0.9578181763754937,0.846129384664833,0.9377465696949583,0.8634361184734767,0.9052656808284599,0.847024745801169,0.902290401479806,0.8028066398450979,0.8810720228511718,0.8189319337877027,0.8572332607078295,0.8708941355044274,0.9839541032368048,0.8858885104855984,0.8836050507611889,0.8783260475431979,1.2221401324570345,0.8927842870674825,0.838115345928945,0.9707499354065862,0.7903373384310391,0.934435921883397,0.9584796032881207,0.8519829768728872,0.8151942246932009,0.9703647150147706,0.9338764257079197,0.8171103313377812,0.871359682065426,0.9176567973575461,0.9722378607021205,0.8794340536357799,0.8191182645258207,0.8827405693858603,0.6402769807029939,0.8673620977116187,0.6988567860408166,0.8864579217555046,0.8037468579178908,0.7367756732146143,0.9278331320216561,0.8727328396957335,0.7839150755599986,0.9017926078059174,0.8257659085679532,0.8608588435094144,1.0752839677766206,0.9071451714055069,0.7432589930196617,1.0738879157471006,0.9266176349294218,1.051917800532385,0.9050066096673427,1.0721369305406387,0.9608427555047993,0.9188019195493338,0.9568194799163019,1.1595580865191284,1.0580696471549322,0.9824547662977241,0.9787143416671706,1.075303232974455,0.9619580804848451,1.1637587182170968,1.083628014887769,1.0277097504402375,0.9090181757784457,0.7969001239685658,0.9557439767438809,1.0006272057014491,0.9761663971858936,0.8163812505224589,1.0136579854432903,0.9240816269741058,0.8735638352806898,0.9167492995082914,0.9225696181951163,0.9398529783119406,0.9429913703405802,0.9116002255507637,0.8583295128646886,0.7626297317111602,0.939852694962754,0.9117433920679412,1.0195924336258315,0.8831869134005348,0.7873270953464974,0.858092175015145,0.8542816261982679,0.9894672115333442,0.9072610804677319,0.9486843454065811,0.943105332421644,0.9465488492619903,0.6447797783033505,0.7645006485858212,0.6052690125830474,0.6961056823593815,0.9574528405158191
20241106-297-Dunn-2,0.6497938104917906,0.5949674669885742,0.6291938783012272,0.6134476160994768,1.2385526487535374,1.1178884106362224,1.113738321476917,1.0880241933809451,1.3819142676857972,1.3356693321326305,1.2293821399097513,1.0713677511498187,1.5410866042648672,1.1881650552175957,1.1897938715045107,1.4178133842919696,1.2525491501486956,1.247699388238709,1.018606090581255,1.1793326966608464,1.2034191721274188,1.169030545372356,1.1281726465268576,1.141608003571812,1.1073638298178923,1.183144213213025,1.0532095909857249,1.0650894441300724,1.1412161375619072,1.1074526721353015,1.1425041146372064,1.0647964319037295,1.0635516324730236,1.1922025715910316,1.0792790659983391,0.8853225669212385,0.900401282979061,0.9244828748139128,0.8362341442716033,0.927418522072774,0.8965172931628455,0.8931016656889924,0.8738101393933875,0.8282118830050098,0.7697245878896974,0.8424887327504441,0.8844121184537516,0.927383930896777,0.8131119781862494,0.8930001157906733,0.6767395319535705,0.7923285110786811,0.900283065189137,0.6232013923168286,0.7921850539257221,0.9015073752548883,0.544396843585463,0.7974081881096758,0.8388578656011195,0.8675398741052428,0.6866359205981892,0.8995666796813828,0.8428475649712972,0.7837707183188342,0.8648676790410688,1.0832433389386484,0.9403494066951925,1.0144681541327696,0.9606218542554893,0.8596015003230689,0.8447382473251411,0.9919757455236511,0.9855477337846597,1.2424418883703963,0.8127418087903211,0.982100913359481,0.8953333057732774,0.8756582313438571,1.013661018931701,0.9513917430506794,0.8013201295912222,0.9631893766926989,0.7722681345009065,0.8895222636446811,0.7886665928287905,0.9449292799286146,0.8614497245928059,0.9235981654405084,0.9716403095696992,0.7611162288407096,0.7110505041807612,0.6120485338637377,0.7228476796847313,0.6501351662559975,0.7639052070616587,0.6873364858393924,0.6359265776022762,0.7334818385686849,0.768388427178361,0.8260730877977748,0.885032708045398,0.787841372325222,0.997118823374682,0.9851011384062633,0.934599134262914,0.6046337459632746,1.052613154184626,1.0124416326353405,1.0397604337254174,0.8515957088121906,0.9138568819317234,0.8946825383842142,0.9069772945356056,0.8842925573429424,1.1150460020588273,0.9915363535881178,0.9467103165500482,1.0000083383023348,1.000967820263306,0.8810688982996802,1.10846166914875,0.9945665617544015,1.2167899755393359,1.0397082535882645,0.9414723385700635,1.1286420399754522,1.0729493381251012,0.9535950569674516,0.8456836390627773,0.9120640640892353,0.9177942634704392,0.8002644578982349,0.940042125623208,0.8283087505822422,0.9545540090455995,0.8183249070603648,0.7570130849948477,0.9464447072868544,0.693571423942231,1.2077607328420092,1.0886653790618392,0.8213608425436077,0.8966278999109503,0.8603282196947492,0.7630862672172076,0.8403497361939815,0.959151848736145,0.8869699160691823,0.8922832150112037,0.8243571642737454,0.87531292486655,0.47350059735880007,0.6779200635043167,0.3118655622642249,0.6406016678564166,1.120455147363352
20241106-297-LMU-25,0.6910610428735886,0.5760763222065921,0.6417851119315333,0.6196085643421817,1.0228026372073087,0.980797379014774,0.9564999280203873,0.9605425224382712,1.1258391900479356,1.2082507601419623,0.9949696532453706,1.0527000909774369,1.3382926961156838,1.0024562180280843,0.994833513814019,1.2137230190919772,0.8940154542113005,1.0377347566820287,0.8220682735927477,0.8640970718819024,0.878508825880749,0.8370775534356278,0.8186967672592289,0.7941367230059332,0.8337407769326927,0.8509344000021789,0.727016164204577,0.79111909671069,0.8136532573270324,0.7982389087118742,0.8858483436829867,0.7846061943926214,0.7578999764663793,0.8256780618374233,0.7882279294954676,0.8521437594231029,0.9394857969537649,0.6889850716459032,0.9810699199344448,0.7448549304921298,0.8022920773352509,0.8461056495959898,0.7927555437418311,0.7978644125754689,0.774516384445048,0.7959699915462214,0.9549246164551884,0.8983349481847447,0.830426529582509,0.7432661412280608,1.1034860922962357,0.9036218462240745,0.7462477537335799,0.9132298370453047,0.7890010920682526,0.7442594144709402,1.098539931310366,0.7783964201917497,0.9088660436816254,0.7752320673284596,0.8015920032746633,0.8632810049232814,0.8422188565949982,0.8786418304626581,0.7771140096777086,0.9383557847607873,0.9855034638142214,1.0363052338673904,0.9955047610251883,0.9936943198826929,0.9236345811561648,1.0059860832791652,1.050546127453368,1.3385391682194934,0.927881348719228,1.0418643963453655,0.9181133449887422,0.9349991763199367,1.0386207445022546,0.9457863570676599,0.7800125637779952,1.0071749552016782,0.7444880651113427,0.8915035426096606,0.8181093999261673,1.0055819520238731,0.9407161190520262,0.9362863234832558,0.7207955426451735,1.481116621076001,0.9480933167934926,1.1399476905109491,0.7154694494696164,1.1445128972110048,0.7255548118644948,0.8413917686117629,1.217140179601147,0.9951889897235917,0.7335142518775108,0.8000240737719164,0.8507815220472595,0.8194277089297696,1.0563392487869858,1.152730084623503,1.1014497438758786,1.1688517439967816,1.2309391190233967,1.0937040272417775,1.1821046268651252,0.9472892152262599,0.9821516158428277,0.966122278428263,1.01169804383657,0.9557514556254099,1.297683964577358,1.068167684679179,1.1026688987597184,1.0718503146250191,1.1339602542635088,1.0119836759638914,1.2448512790600648,1.092576626623869,1.0433017003316731,1.017697876452781,0.7923203006432306,0.8007776399491974,0.9417852819808358,0.8199375345350901,0.7869388348420905,0.7723886557397063,0.8314109202246982,0.7477450013836309,0.8840543545982785,0.848945798009307,1.0032417593043281,0.982795860285719,1.0111966899913138,0.989168619853512,0.8076359134821964,0.8131339917370353,0.8532091782814714,0.978546066250984,0.8847024126571559,0.8399251168257491,0.8516325122373761,0.7904911100493808,0.8708741918617502,0.770083243193587,0.865748780860548,0.8822963653581154,1.1011530934913085,1.1205741860414582,1.2805375081355215,0.992069289590478,1.2197953741555447,0.8368686961001178
20241106-297-French-12,0.6579610881799349,0.6508958571905742,0.7276838044921659,0.6760840343984985,1.0617137719587264,1.0685673055191893,1.057838956961654,1.0016631649824752,1.0477825103892813,1.0401876045880767,0.6264333827662026,0.5047831663312731,1.2642753828791384,0.6274638896629605,0.6482891841001568,1.1863703278970044,0.6253539373555319,0.6202065205462116,0.8499085534791129,0.6213658504785369,0.5952389481236794,0.7815290256872558,0.85220890498657,0.7760879886970788,0.8396656261265221,0.7819339204131036,0.8019172821828346,0.7260851665080156,0.6404058480993889,0.7231676591984414,0.6753329800245709,0.7058100997510932,0.6647509562893059,0.7818124590004083,0.7540641330373361,0.7895738707606095,0.6261603335131894,0.7996970971202053,0.6388219948304655,0.8050087967930801,0.7856283366735314,0.7251832571808239,0.6989053738922757,0.8113554202261971,0.8390579866653521,0.9200215778068531,0.7973114466412281,0.8114162947176269,0.7007231784910447,0.8250657757949681,0.5986895384032537,0.7177355592541739,0.8134684136619632,0.543384616929473,0.7544439861966189,0.8431500687586444,0.5998860875404386,0.6616493242180971,0.7735719071946262,0.6816886407239701,0.7994783281524522,0.8187224445671768,0.8876514047731169,0.7742379535338101,0.8388044290767629,0.7927219707129819,0.7485857542445178,0.7923558379200358,0.7637714907406212,0.8784259071527732,0.7723220087825199,0.7960303641726045,0.8673090634452247,0.8011752986031604,0.774645962789076,0.8133196383639133,0.7745984058514247,0.7559709789679484,0.8190171130155196,0.7329789429086931,0.9296144324794287,0.8228218943078408,0.9619331184888891,0.8224995577009047,0.8599259960719803,0.8192336081924261,0.7206996032545682,0.8093646398924943,0.9104782988599226,0.6623708882493967,1.1624269780995973,0.5749153110031205,0.8559588520431122,0.5872393581054297,0.8238412804866607,0.6036369615766534,0.5625839559913943,1.0873349551101466,0.9144500335508182,0.674876761239015,1.1424033481134073,0.8675759873248521,0.8069538135289653,1.1658356781669803,1.1561951625739417,0.5712266257686093,1.2236256476514278,1.0602605282995008,1.260765195639233,1.1369389096158073,1.328222752107296,1.1236785922212342,1.1331467676687552,1.0868866172251055,1.3106275132112684,1.2084147791040125,1.0594905651178397,1.1222092652185447,1.209240663169086,1.0933609265544828,1.3224029785140412,1.1952266271198981,0.569867438968235,0.4975973323188289,0.8539211194358552,0.6814773105674947,18.52898712522758,0.8753766070602209,0.866192455500655,0.6798642893021707,0.8298912547383567,0.8268037423601988,0.8678772231049633,0.7362574372654581,0.64045455795028,0.675444958287092,0.5990760204005026,0.78665503574666,0.4945244860020976,0.6005190176649648,0.8184198832954732,0.567766316413227,0.7847961389808311,0.7342074070624901,0.8170837614978103,0.7521699513811967,0.6971187724449599,0.8514460660634626,0.756485589899866,0.7282744052943249,0.6319834013621917,0.5540619205861332,0.519836042464437,0.6245921620197469,0.5571680009640034,0.8026314244208939
20241106-297-LMU-5,1.2414746864850081,1.128001533560289,1.1867839176215402,1.192674296979789,1.0644943967101748,1.0934205696019996,1.0847879825598141,1.0414930890842367,1.0206197511123127,1.058761488670241,0.8717386681053805,1.0721015078510936,1.0872388954121863,0.9271744312491041,0.9272255532148818,1.0417004665625686,0.8436948937272238,0.8921193924347602,0.8168191265565261,0.8401621516250105,0.841821628292274,0.7089845887547831,0.7930744014980657,0.7147659670006392,0.7314572839688609,0.7563120040029461,0.7278509927540681,0.789331259198292,0.7191042678502724,0.7716319184992081,0.7409863124085617,0.7689746619892892,0.7879851236208187,0.7282222300853539,0.7624552142208241,0.7861524124083068,0.9884185998948919,0.7076351222614191,0.9571882814217015,0.7869835732624106,0.7998127785966792,0.850182656314134,0.8517496293916622,0.8419537359515278,0.8413444723629694,1.4006388251768638,0.9304639869947319,0.7875666913542659,0.8026927331504559,0.71846792501237,1.0334118084872157,0.8593851060810197,0.7239911991482513,1.0561294435793636,0.8233714668200073,0.7445912151522694,1.223171449805504,0.9368296349017491,0.9317039545379583,0.8437651698561459,0.87119415612556,0.8081546417121095,0.8968429743224801,0.77420476393663,0.8224776816728764,0.9021120201121599,0.8847018336475837,0.9632485993584854,0.9123056243792924,1.0526929184851717,0.9411016382214448,0.9121969398291129,0.9766804513602023,1.0323779540781393,0.9023929665830501,1.028410013761759,0.853586634191509,0.8982252187150349,1.0770000094657932,0.8001215970679754,0.8566382875440767,0.9855070255241654,0.8488329565319811,0.8822398197325657,0.8228131513227195,0.9901874738347413,0.8907437600590914,0.8568560111801354,0.7880549359803649,1.5514571706759988,0.9252794616141046,1.2796811264751087,0.8335470685593517,1.2768345505917738,0.8114156021822417,0.9590179429150354,1.2044133692450971,0.8759168107531086,0.8653326708672777,0.9459692065657644,0.87342190665223,0.8973610142381757,0.9790285785738438,0.9978482532951815,1.1108757355220003,1.22301073705571,1.1290920034937546,1.1807386224888687,1.0437070110722295,1.0016918537104074,0.9824271080954884,1.000150850155182,0.993153487180508,0.9460883949135029,1.1229283941273926,1.0900441708017998,0.9448487841361178,1.1170997763363963,1.03185164112216,0.9015453460059193,1.100618629194697,1.042871512744005,0.8691941486141436,1.0388171806888455,0.8114888707547926,0.7674015957680823,1.3109625009187724,0.740116705593985,0.7813889831444795,0.6938471986458585,0.8271388629170343,0.8283141444197901,0.8970202548858728,0.9113681280633946,0.9466956611516817,1.0206813839220763,0.8693841355938658,1.0038421898131635,1.040153203747313,0.8680805767768356,0.7887725343421185,0.9458440518587369,0.8214399416664401,0.7878771116276059,0.8845497248748736,0.8627577242035899,0.7731974681964158,0.7311645652913978,0.8673403296843603,0.6579740579376597,0.9332872959092535,0.970022108146331,1.1483517163191097,1.0408115660061152,1.2044758602355816,0.6703064017075853
20241106-297-Dunn-9,0.9276223697403971,0.9069487363567614,0.9492259093517738,0.8994637957216656,1.0679096123765022,1.0594768531572087,1.0256859709544834,0.9754753424753972,0.9958111256287816,1.0235863162587757,1.0267954241013109,0.9843522811343054,1.1125145450569454,1.073562016139518,1.0493186785951296,1.0047278204027437,1.1935049293700322,1.0654547001588908,0.8832859829355211,1.113356697727803,1.0978534257681256,0.9806781994052532,0.9572531903969603,0.9917395055869189,0.9088440528320989,0.9584475759799659,0.9504265442193459,1.0168125182530336,0.9063421940818651,1.0020657556983255,0.8524248454778843,1.0343340216479726,0.8374727997890843,0.9843669500268355,0.9634525911510124,0.8498980247096782,0.9943327391349993,1.062130705426828,0.9533695155152372,0.9789522671212008,1.0178261502467538,0.9561673647448826,0.9640649643727874,0.9538505681824818,0.8155897271364038,1.1857584723685184,0.9232892283215068,0.9167375954113075,0.8197190509748823,0.912365293239342,0.7398389618904372,0.8567070703043572,0.9152473541109365,0.8006089610594537,0.9698158170320126,0.9387728202746292,1.0450750392897474,0.906072634145261,0.9476470711671408,0.9425104490829068,0.8849819624942573,0.8903381503646877,1.0113539571209513,0.891600169902726,0.9086048693909351,0.6113093102163283,0.8502951640238042,0.8623793380589914,0.8393070519131376,1.2743686666070027,0.9101516570555633,0.8370910815767144,0.970887327884204,0.7893699423453829,0.8983868289273085,0.9532562770559706,0.9264488585236377,0.8262281380408885,1.0534106669518573,0.8942762496820411,0.8389426778746477,0.9323887180542499,0.9568591758336568,0.9692829188170483,0.8394070650358387,0.8973834587230395,0.8481039282856929,0.9451097173387099,0.9926280274773049,0.9804264122198335,0.8645301046916729,0.7834349242322154,0.9429650238275586,0.7496764655023647,0.880858954933347,0.9711431822704713,0.6960027551168897,0.8308290459472476,0.9710569162773779,0.9215263885142475,0.7988688108993536,0.8322389134874126,0.8989710087716922,0.880280502315322,1.0284165707035589,0.7096361654177443,0.8753339260153742,0.9700776196055741,0.9420115546715289,0.9171147193525361,0.9321496689744054,0.9266887764568981,0.8583541191322855,0.8667108242991337,1.0950168131017821,0.9567118806263458,0.9078936998122211,1.0136465660835556,0.9609150314022608,0.850323335948653,1.025603796122481,0.9544680566637253,1.0277781657014566,0.8958748315513823,0.8714915614075084,0.9556091881400731,0.7536739766643228,1.0127283861013272,0.8742983878331795,0.9756767695605582,0.913369877642931,0.8840892275307389,0.8761110540730817,0.9157000151090922,0.8794451200637703,0.8829471232901048,0.824511448330002,0.9126319353796389,0.8792308367894467,1.2665827790218196,0.8975192265428594,0.8046959097583831,0.921476743543782,0.8766192935452681,0.8690467179344309,0.9387778400226152,0.8881594568832202,0.9522102622543553,1.011533346177699,0.8839451249312817,0.9389047922145265,0.6835424719552861,0.7554801744015722,0.8262735664891141,0.7048271329333741,0.9885478027418522
20241106-297-French-3,1.0101193261127184,0.9625130615014531,1.0615324421472394,1.0523663892722337,1.0815319451382113,1.0925419140734796,1.147041690217698,1.079870724033834,1.142949261928801,1.2289223944282917,0.8661535228837655,0.7792158316847622,1.2550114379039141,0.8590251638397886,0.8705204394040906,1.145938663328784,0.9171147497956399,0.843569508675126,1.1249692408480538,0.8863948155465957,0.8606539063905573,0.9441357132429123,1.0122577469754794,0.9625199202184234,1.0314497103988813,1.0366560871634023,0.9680061153766685,0.8864379895946749,0.7154442829658835,0.9025060223338465,0.8754622442776502,0.880663443423102,0.9133602660434321,1.0019596469555865,0.9258006430542624,0.9477724375191965,0.8073935969265458,0.8886004454416013,0.7599059751606878,0.956643473772199,0.9885455456463224,0.8689082838973846,0.8744892611295695,0.9125497300498078,0.9607398655115759,0.9276789721783215,0.9271167359432678,0.8797853960399167,0.8391593165402609,1.0062186589898054,0.7175032513296495,0.9273000080786553,1.0253652709996064,0.6739143560011981,0.8425728313842104,1.0435346520548607,0.7562338231904242,0.8139778301184618,0.9589689741313588,0.8419212806576744,0.8971223673386639,0.8795099698112031,0.9938751766630498,0.9980616267944259,0.9006681160387425,0.8778700034727963,0.8966552014320955,0.8927769834094027,0.9007877205293806,0.9895969554525165,0.9175137983870361,0.8991789721332999,0.9740952789649053,0.6558007853750325,0.9100935827106426,0.9612668448955782,0.9184134757003534,0.8696062947168185,0.9887905476570399,0.8851974597119413,1.022923985453605,0.9024960229975949,1.090488531155413,0.9549754183179164,1.003585283781122,0.9020089333359275,0.83365760200751,0.9387140721285051,1.0771504697121046,0.7712822432871334,1.0964808053457757,0.6630731224432711,1.0167878654072697,0.6570470824186118,1.0288623506258423,0.8715646477353692,0.6420431563221104,1.0531618080709209,1.0819336791729122,0.9344838462863743,1.023732436777742,1.0121714585652202,0.8969918904262619,1.031438848077724,1.0963611655175984,0.7037891114912082,1.108976179391214,1.036276245323396,1.088528056870153,1.0175261888372678,0.9944012605668441,1.0450544646915192,1.0545435225342221,0.997998670757345,1.1834023753755298,1.1106375875495025,0.9553054636141954,1.0693086370192828,1.0099758181917953,0.9006946576544866,1.1958986901691988,1.0696148752853247,0.7917161000712867,0.7382101981659216,1.1138556650197444,0.8684350397189279,1.0375207424465633,1.0436582240826016,1.0078527207295052,0.8564185703424614,1.0074105374782991,1.0566982900011594,0.976674747596888,0.43601360358943286,0.8269488158656151,0.8768087424154342,0.8164132700186867,0.8890797596248631,0.8018611200865932,0.8862944356002188,0.9950329657040342,0.7695417251477391,0.9715934431913876,0.8897052327632239,0.8890766748291474,0.9018467979924631,0.9004478295836141,0.8910872330139744,0.7927013239406846,0.948782952018222,0.6891484910814775,0.2041749365819252,0.6673557858926433,0.7603643292301969,0.7513825525321676,0.9105267765998097
20241106-297-LMU-9,0.8270377215743878,0.8070114145113241,0.8435965821238435,0.8141346721017152,0.9872553281345181,1.0206876860578264,1.014375000470372,0.9867983826886411,0.9272135476883396,0.9392494691044931,0.9961730649950739,1.1138219780591743,1.073387671157802,1.0475187481106571,1.0396544681230941,1.0368842025401186,0.9913252310205779,1.025228034511596,0.8330191201040629,0.9483721178532714,0.9043894809016685,0.8132789606881807,0.8055447650938142,0.7807073279031131,0.7622499332723602,0.8161654502099727,0.7425102179771828,0.8605360436609063,0.890284107315101,0.833055639152455,0.7785450652237308,0.8234951528169578,0.7474825038877819,0.7972402905549014,0.7919056563728575,0.8128089439799532,0.947155718998544,0.7635693204323369,1.1194632251155707,0.8452442865924772,0.851973052205845,0.9308080844894145,0.940687257988073,0.8758076928546918,0.814978457459047,1.0375870839235555,0.9565884468184618,0.8346755664848786,0.8624204800190307,0.7424907578805109,1.0981156224801998,0.8663485090473582,0.7753622446039555,1.2107779229447917,0.8538874863004684,0.7851356037414611,1.1899334393881396,0.606430725289497,0.9693047866548239,0.881676054235629,0.860280568308239,0.8285584208936937,0.9201547196556402,0.8174000420969881,0.8464587918105093,0.9636574903086166,0.9365862102649372,0.9249550126585202,0.917291587349247,0.8793365911278295,0.9369063071113287,0.9315375158296791,0.9839699291498059,0.929450520341185,0.9330637667686438,1.014987068615118,0.9483476489006561,0.9063535519584969,1.0111516594075496,0.8754718428211418,0.8879479706009145,1.0031179133477008,0.8934994970627388,0.9897982116143708,0.8788268998374222,1.0103968855724077,0.884548131012569,0.9483365326979417,0.7591499944618251,1.2830105008376387,0.9812683277011338,1.308059254246499,0.9169557257517119,1.3294474155786176,0.9209709873389644,0.9290680602930339,1.3491332921201002,0.895215420311911,0.894012199704381,1.16493897830114,0.9651994433269299,0.9288422047136176,0.9253281490537583,0.9008978637407097,1.0033093866744678,1.2878431389375908,0.9804501430121926,1.1118069108697537,0.9982807495564339,0.9680689478029854,0.8388012465332271,0.9847556304952451,0.9457195015782015,0.9369297856065936,0.3434999612849165,1.0462100327588375,0.9405021480266738,0.98713854542297,0.8276825101627328,0.9534627003103514,0.9970418375030523,0.9456942449345602,1.079972235405827,1.1234179322104256,0.8833759214734066,0.7310839048608625,0.7898181251943597,0.7885267395384927,0.8969746839151067,0.7608869426230919,0.953275372671779,0.8297237120499051,0.9015820956996974,0.8731215086414142,1.063777083794007,1.0025071089663564,1.0245910427366647,0.953286573417009,1.11138852353458,0.8632500178948636,0.8412410056035543,1.1107998514571569,0.8253622211721515,0.8253147839857657,0.9137957821613425,0.8911942354798356,0.8205658580496373,0.7703122276444758,0.9057983804678179,0.8235200234492213,0.9383160566717312,0.6423523903925107,1.1226881568780562,1.162708303935791,1.3554676275436561,0.8038367972281745
20241106-297-QC7,1.0005246517937552,1.0131236042767955,1.0533510809546347,1.019302051649127,0.9930795549742337,1.0003201115756426,1.0243597742685668,0.985321327807737,0.9466050184028574,0.9466050184028574,0.9466050184028574,0.9466050184028574,0.7856342447695233,0.9466050184028574,0.9466050184028574,0.8580609731014194,0.9445079831129759,0.9466050184028574,0.9466050184028574,0.9092719776041647,0.9466050184028574,0.9466050184028574,0.9466050184028574,0.9466050184028574,0.9466050184028574,0.9466050184028574,0.9466050184028574,0.9466050184028574,0.9514432936339358,0.9466050184028574,0.9466050184028574,0.9466050184028574,0.9466050184028574,0.9466050184028574,0.9466050184028574,0.9466050184028574,0.9466050184028574,0.9466050184028574,0.9466050184028574,0.9466050184028574,0.9466050184028574,0.9466050184028574,0.9298636287340678,0.9466050184028574,0.9466050184028574,0.9466050184028574,0.9466050184028574,0.9466050184028574,0.9466050184028574,0.9466050184028574,0.9466050184028574,0.9466050184028574,0.9466050184028574,0.9466050184028574,0.9466050184028574,0.9466050184028574,0.9454661055162297,0.6952772142133499,0.9466050184028574,0.9466050184028574,0.9466050184028574,0.9466050184028574,0.9466050184028574,0.9466050184028574,0.9466050184028574,0.371443408587397,0.9466050184028574,0.9466050184028574,0.9466050184028574,0.8454593453801097,0.9466050184028574,0.9466050184028574,0.9466050184028574,0.7717168304029441,0.9466050184028574,0.9466050184028574,0.9466050184028574,0.9466050184028574,0.6010698586463498,0.9466050184028574,0.9466050184028574,0.9466050184028574,0.8908489211407349,0.9466050184028574,0.9466050184028574,0.9466050184028574,0.40723894636484315,0.9466050184028574,0.9466050184028574,0.9466050184028574,1.0585421472880958,0.9466050184028574,0.9466050184028574,0.9466050184028574,0.9466050184028574,0.9466050184028574,0.9466050184028574,0.9466050184028574,0.9466050184028574,0.9466050184028574,0.9990307299581079,0.9466050184028574,0.9466050184028574,0.9714524100152537,1.0127771486654835,0.9466050184028574,0.993022995918376,1.0079292615222373,0.9892244287426136,1.0544222209557108,0.9466050184028574,0.9733616562299067,0.9468635501921067,0.9466050184028574,0.7881786133650717,0.9466050184028574,0.9466050184028574,0.3397063283302103,0.9466050184028574,0.9466050184028574,0.9081106715325616,0.961660678031184,0.9466050184028574,0.9466050184028574,0.9466050184028574,0.9466050184028574,0.9466050184028574,0.9466050184028574,0.9466050184028574,0.9466050184028574,0.9466050184028574,0.9466050184028574,0.9466050184028574,0.44237189378205977,0.9466050184028574,0.9466050184028574,0.9466050184028574,0.9466050184028574,0.9466050184028574,0.9072116314405904,0.9466050184028574,0.9466050184028574,0.9466050184028574,0.9466050184028574,0.9466050184028574,0.9466050184028574,0.9466050184028574,0.9466050184028574,0.9466050184028574,0.9466050184028574,0.9466050184028574,0.7257022629710606,0.9058499065353842,0.9466050184028574,0.9466050184028574,0.9466050184028574
20241106-297-Dunn-13,1.1127249146313496,1.0103225098469653,1.0461455946749805,1.0383754217282382,1.0729637034133686,1.063045700879942,1.0595025751401752,1.0678262824004618,1.0949665289611128,0.9826280518124538,1.115149418886356,1.0546390306810585,0.10511112606785132,1.1429352683113894,1.148842902854008,0.674073184909023,1.350788161510637,1.0989849995989536,0.8700081730409063,1.2141733232728802,1.2179116823408795,1.0724144532403088,1.0657709186256992,1.0756493942826573,1.0203088253752943,1.1092497661510443,1.0346464488539275,1.1657937546398491,0.7450731253544793,1.1258270990731332,0.8816500949283393,1.1700599455648908,0.9253915438439254,1.078712751013191,1.0427169349476486,0.9125565571201365,0.9744693334413791,1.0951236109113243,1.085754794460648,1.004038320616236,1.0321629467444782,1.1171320175321857,1.0875244311565169,1.0387013079235676,0.9675058627366266,0.5482934151171446,0.873395503514034,1.0069130721103576,0.8701659951009685,1.004485636941766,0.786881695924608,0.9170918638320033,1.0470371459197725,1.045186634967378,0.9675671571517681,1.0405450478965437,0.599254910461966,0.6152091604687873,0.9895533188509419,1.0637164275022595,0.8421405634623956,0.9818945352647771,1.1213881550058604,0.9592279916486013,1.003902556775918,0.27138995237472874,0.8861706926519977,0.4603758054739675,1.0365612190684028,0.9880999990730099,1.0121070363931484,1.0185581481764536,0.506447062869014,1.0944154348969306,0.9943587271463766,0.47941435047929565,0.4572777000518837,0.9780563888742604,0.33289210058125085,0.904834879895806,1.0214645846903132,1.0148881607579352,0.7259498549109114,1.0471347006894811,0.912928407914227,1.0146533117929069,0.622878234256244,1.070645910550895,1.095973653716588,0.8888527353051613,0.9703902438042808,0.8012800357614083,1.0453802854047085,0.8153663440821117,1.0117779336418742,0.923838491925206,0.7340025033144634,0.999938246204742,1.0296430585214655,0.9703338164773398,0.8957493968686531,0.8855412744108494,1.005807006201321,0.9386333705323114,1.1007622967396962,0.7925628010773937,0.9082858674696326,0.7711933444819126,1.0453994709177137,0.6783841018292532,0.1002024126871415,1.0006559332894642,0.9904710559291638,0.9425588532054006,0.8007022573444842,1.0823799042232825,0.7535707010925762,0.3699542395152484,0.5897269979341362,0.7270010624278629,0.0757580476868808,0.9492786969321656,1.119763751309508,0.9780111504685594,0.9089816653789417,1.054148011531379,1.446756245301462,1.0605912468227428,0.9716806678949107,1.0964403839500583,1.0438020931872949,0.8089255820841422,1.0718819099867103,0.8707109301925542,1.0458044713004357,1.0559180980799145,0.9597183813152004,0.9738276189843605,0.43327632177562125,1.173833758467394,0.9666493732617708,0.964407858584417,1.0051832828500817,0.9486325739762713,0.6782009079394695,1.0898123267777389,0.9793319365646438,0.9885829062021833,1.090290723416354,1.0043890206456865,0.9609108131663895,0.5186362320030162,0.8655443170700128,0.47350648579572385,0.8660827732075459,1.1179890532798038
20241106-297-LMU-6,1.1092215188211516,1.032077003770175,1.0214054977009241,1.0498596466774626,1.1539226548200625,1.1159694920636096,1.0961456261450948,1.0289454562567444,1.117317073059463,1.1866032936102442,0.9846132416875653,1.2301552737751746,0.8914007134022094,0.9761296661561353,0.9913614608860599,1.2265111601844123,0.9877933732467764,0.9518650294786459,0.8911039403801587,0.9331185956044101,0.8953129202443992,0.7970469985783513,0.7719278193350781,0.7783213138148501,0.7830549744726544,0.8085600024883535,0.8045963699468498,0.8274452973390304,0.856328935751469,0.8379917347702931,0.8665575262348958,0.8412374536162102,0.8295955672103729,0.7950786438707337,0.8487120907570728,0.8657860244721707,1.1392537575191028,0.8130071203151175,1.110515215576353,0.8556081156657593,0.8638245214296509,1.0517781830017985,0.9983569390358393,0.8422781226835991,0.8890016131171508,0.7712879259411791,0.9787721293341588,0.7896259533953599,0.8699467103563215,0.8364734108667834,1.2431812422254995,0.8800003031056837,0.8198243011299831,1.258942461452092,0.9575690406178676,0.8330224674368599,1.2524796512690697,0.935691381326694,0.9848439681200629,0.9575244401735288,0.9398537128864055,0.8903467158684353,0.9027243234294763,0.9703418057424904,0.8207288623387748,0.4565013985490697,0.9491566111541011,0.684783435881385,0.8952554021600219,0.8696539767455667,0.9759826856659367,0.8705739998393343,0.46794013704733417,0.710367591471188,0.9542833627868809,0.922146598895643,0.3802692894309849,0.8163157251828251,0.45702693258142574,0.8467620491956723,0.92654179506575,0.9800889432574953,0.8357313986758297,1.058879233985061,0.9252777269093244,1.028749477156555,0.9478169694544054,0.9611116037370127,0.853304949381197,1.589602707959692,1.0959378267755016,1.3290896318974859,1.0419239831970852,1.3952642193917948,0.9006502118175534,0.817498238986547,1.5045245709611268,1.0765078299381003,0.9931636962471488,0.966007719057623,0.923214644468089,0.9301369186342197,0.9053134413571792,1.0479229168558215,0.9153403557729167,1.300966381899309,0.9163025436612652,0.9916749066748329,0.9490032933333482,0.8889288942591277,0.40490074805987947,1.1021619659062174,1.038428594746887,1.0395501610368238,0.8925343494703638,1.1377920371382713,0.7737354638243369,0.8801256220026703,0.06275454040987655,0.7320660986153963,0.9754833335193841,1.0202939176521426,1.0076135827068264,1.0922740975857888,0.8174006938807971,0.7972463709115246,1.4262372350315549,0.8810082252391047,1.001810512236226,0.7773184018256577,0.9230790443624342,0.7941080164332937,0.7442122521257684,0.5929529691996042,1.1388328359313566,1.04365589182873,0.8941628308184243,0.872263461125153,0.5885004862337865,0.9515490004646374,0.8365003197689951,1.1383530031670666,0.8303218621844365,0.7256918416453141,0.9089783310604658,0.8907515065493357,0.9170596056082808,0.8033562147798693,0.9459487513784391,0.38712107958268405,0.9968314543491875,0.5951564956690488,1.2279430359668357,1.2810899105549935,1.3000561446554906,0.7056992481265425
20241106-297-LMU-23,0.8510378337413549,0.842038508595368,0.873758925504732,0.872489664590389,0.9025600323476184,0.9556360867986361,0.9547396514640378,0.9101010789516619,0.872520871566556,0.968631303970705,0.8537694718686983,1.2036610467460942,0.6488208292576758,0.9463819362692442,0.9662495658122523,0.26421251650169497,0.9271858062263995,0.8764397705323147,0.7716699039370815,0.884346588661632,0.8503192050980378,0.7074346908185858,0.7623249021660651,0.6860891984173046,0.734083322817448,0.7327013871902035,0.708120606388194,0.8081688477330301,0.8509413071098185,0.7943534225989355,0.7788329385842483,0.7923121761895021,0.8329877921575092,0.7966935932654988,0.7443972678938215,0.9154501634580893,1.1771522147255875,0.7490126871990376,1.048291959700179,0.8164520779367636,0.8160958217094278,1.124034235026785,0.9389433547975072,0.8401356544372545,0.9305872190122789,1.0197543207896367,1.0106482101401915,0.8067742137260204,0.8893115485753404,0.7700135589037241,1.144699362556175,0.8555763643227914,0.7939413981959708,1.0897007119407687,0.8917058565368831,0.7855295908809786,1.3840213648413904,0.7002426230721921,0.9436954491067272,0.9877515995086368,0.8218303328311583,0.8400055455445052,0.9107649455214083,0.842073011774347,0.8333489318832518,0.6211472679271987,0.9185674080413546,0.8748480591305902,0.9111361425067618,1.186132422848337,0.9440725287624173,0.8828962041696801,1.048475787457966,1.0122808410728181,1.02433461098298,0.8723329997910825,0.9734515430688705,0.8149303421509625,0.9187504042249228,0.9312484117973002,1.019585452869271,1.0128587421025226,0.99844544049386,1.0577482142094081,1.0084052367612975,1.0757130397662156,0.770402334349506,1.0096176448670684,0.8242209515070942,1.3322761056423607,0.8898025919310303,1.241958567528691,1.1373559863721494,1.3282946800325885,0.8441181780602998,1.0085574796153476,1.4946589223774627,0.9218684817002133,0.9302001994447401,1.205236537507468,0.9749088629310134,0.8992640855452598,0.9258032991735984,0.7534408785006936,1.070376233776795,1.4002070370597728,0.970842318731682,1.0434155837420018,0.9578358954080899,0.9207283451714453,0.9428102037768087,0.9511462092900536,0.9376253178319878,0.9137272241789781,1.0866397454687517,1.0074043054482662,0.9783539687236854,0.9713827797514254,0.9351465362685917,0.9654503225111163,1.1685591288554824,0.9370165606800985,0.9422958997544872,1.0536401570849163,0.8159305161256668,0.6908900114257244,1.2220684150972496,0.6867351712073841,0.9356406339508069,0.7525941878717574,0.7764092600133334,0.7866780443634774,0.7729415016986687,0.9115895353847208,1.2718328802104257,1.087925168454438,1.018017449602567,0.8548766406966196,0.8904208861458566,0.9619591343177538,0.8297376903133076,0.9925507793484639,0.9038885106131798,0.7506820963172407,0.9967759086497142,0.8942703973678228,0.8197635527785807,0.7739791639705798,0.9538704588316437,0.8819620031940228,1.0747336793307436,0.8668349948899795,1.3076863340192837,0.9489649090909373,1.3846185141498661,0.6139500881200002
20241106-297-French-5,0.6612068905174555,0.6116854342236944,0.6706334887027408,0.6404778180657684,0.9664681714896662,1.0391874845276463,1.0354570018522518,0.992810285857365,1.1461550402080352,1.1079937661368562,0.7733389753617019,0.7000537450937261,1.2754579443299758,0.7815822903956121,0.7708836672992314,1.1106461072212597,0.8257839756456972,0.7678874856384683,1.1377061525585779,0.8267179154229336,0.762104948293163,0.9696305750618939,1.029322649709186,0.9707930159232118,0.9688498121663556,0.993955610123471,0.9175533669021882,0.9295780173198925,0.6624053957800916,0.916509266092324,0.8391194163399475,0.938753856227224,0.8526501097112272,0.936110814656672,1.0093676700448384,0.9355409517741273,0.7835468865477325,0.9767546019159444,0.7899212218103207,0.9981179504725203,1.0466042700266482,0.9066169625196299,0.8993572184016148,0.969403648283422,1.0992516262810208,1.0757786010172845,1.0272931944159422,0.956954302898311,0.8373959797324848,1.0673753750689872,0.6474442883254582,0.8631517945896232,1.0895664920650827,0.6275105841838543,0.9262912137673942,1.0967243221863876,0.6482592852774578,0.6577961157507666,1.0038459645408757,0.867514975091572,0.9174836204625784,0.9089776010144738,1.0250886837968602,1.0368016769111026,0.9290660782834035,0.9125347069142968,0.8558184891048582,0.8759050412049677,0.8956105797560762,1.0591587605210069,1.015672985544366,0.8980194511440996,0.9988009163696023,0.6788898601372693,0.9926530462758765,0.9584592410253823,0.859183440246257,0.7937533071332288,1.0561053081795195,0.8753597156577616,1.100310030679359,0.9729117433837133,1.169250245024111,0.9343567981665781,1.097295275488131,0.9722187427576268,0.9434099395963229,0.9217871830519957,1.156300258062948,0.7636346691795965,1.0905799685110638,0.6454044015015195,0.9382969190701115,0.6503316766185827,0.8867003818617868,0.7253085062583929,0.6503926861275781,1.127447842156008,1.0645343875370896,0.7665210330670235,1.101419029293359,1.092828260908949,0.9047310360700784,1.0265436038892761,1.1400200925348198,0.619959366030034,1.0858333119949444,1.1475970759507241,1.161758495067983,1.0599937645796338,1.1346905664916949,1.1135210426685302,1.086096940209747,1.1425437174672135,1.3241134723320227,1.2448861960713635,1.1558101364173163,1.0397574638222558,1.2020901113328721,1.0937135399130662,1.3148109131320604,1.114680322560565,0.8005527536264061,0.5977850474151898,1.0786719135640754,0.8782933118426792,0.7094719338651391,0.9485255885644315,1.0943027235185199,0.9024625492387299,1.0252491896773663,0.938363555713998,0.8570885298262988,0.8979394096609388,0.8453961149848824,0.7456965181651718,0.6876301235022617,0.8998341422975692,0.7142427182878326,0.8166442562080861,0.8936535765240762,0.7275753328385837,0.923029431157668,0.8836572245685788,0.9707187519163588,0.917936115068961,0.8531700474589424,1.0849530385425323,0.9594360840631585,0.8846173427748674,0.7697626556419502,0.600384847022712,0.6602310466995435,0.7153663100733801,0.7129468621738226,1.028106863865455
20241106-297-French-21,1.3063520060167613,1.2065021200288029,1.1190073805824094,1.1873084777669507,1.0005900233255778,1.0175622886106919,0.9853272729522059,1.000968150150742,1.0055871767265236,1.0686600898711982,0.7331107824010556,0.6417714841057182,1.3460991044428867,0.735518834566267,0.7364677694908395,1.2553373219479282,0.7380461860818377,0.7357886771578406,0.9658653030133058,0.7112483573099811,0.6853706476053494,0.9263885157423202,0.9701527560805842,0.896517812026854,0.9905418638647613,0.9060685120678748,0.9378572081615643,0.9258231964238174,0.716236179530343,0.9177206365780759,0.7291354718843334,0.9612333375425898,0.7564834188450895,0.9049880894624928,0.9514368917034147,0.986884850879484,0.7142066585793125,0.9362082787449291,0.8414259655084411,0.9718466781559533,1.0186860144340428,0.9017849695637533,0.908338610450987,0.9573035356640353,1.0593045784983899,1.0675542742310822,0.9575515140656686,0.8789093340856479,0.8447441758163886,1.0509607698088985,0.6923432971495699,0.8523172912122723,1.0401543296974256,0.5501185455109003,0.9442016449138898,1.0686806460053604,0.7107569701027914,0.8648495665436376,0.9591539947649409,0.8714873448077288,1.058469695492118,0.8758225112472642,1.011166766920646,0.9884562261441637,0.882317981933926,0.9079374628263076,0.7178264705922701,0.7716741095075839,0.8263773737608578,1.0317753354575416,0.9614547390128184,0.8501584847278907,0.8743541449508442,0.8942776034720321,0.9514689084153539,0.8510578748538937,0.889034854181529,0.6946379163215631,0.8917678527161447,0.8500618741346597,1.1554401027340166,0.8761433447998909,1.1398283263825655,0.9236179790851439,1.095726200840058,0.8399919723715367,0.8916281678330207,0.8928430463551517,1.1224847088480912,1.063124446496048,1.138470125270175,0.7041671338953016,1.08871054580558,0.6786181815893428,0.9893111321406975,0.6510335292516675,0.6583027984029303,1.1698202671717464,1.0617791090537896,0.6949788029660424,1.1074534669110616,1.0862386959754913,0.8410919238773551,1.0267562159432977,1.055772042233925,0.6754876820012865,1.1659955232145673,1.1034905836464624,1.1368320697574474,1.0598055481270527,1.1533930512549881,1.1238261603449753,1.0710498996073616,1.0146740263146297,1.3063034026382099,1.1212804097942926,1.1042019212423178,1.0277742866103583,1.1372378328842598,1.0523850681174192,1.2902234386454665,1.1581435826661002,0.7832506956298699,0.5854193460922832,0.9977013106080915,0.8761778805792364,1.0515273407061738,0.998255594149268,1.0328725157105914,0.8964122610117881,1.0214717120350407,1.0253652354508807,1.007396043315761,0.9002251227821617,0.7745212169965269,0.8028319404808313,0.7786407108695119,0.8380922760833669,0.8303840960936307,0.7406152627413538,0.867633447839435,0.737498319762439,0.8603413209604882,0.8565169989794159,0.9620570989688598,0.8650967676146192,0.8773842842550631,1.0747235416830532,0.8461325760443101,0.8855575374454492,0.77869127665688,0.5062526949440008,0.6482935375774838,0.6776212332101758,0.683106879253898,0.9618353591489219
20241106-297-LMU-3,1.2853204489951948,1.166438639467698,1.1280612235373055,1.1562648610364263,0.9894104998864511,1.0184552421447761,0.9911876810091257,1.0009090644213328,0.9898940722634985,1.0031164529855747,0.8958024730501463,1.0985674471071476,1.2511288497403228,0.880840935502696,0.8846096899547898,1.1857582157577085,0.8971616713995444,0.8637486533823544,0.7241157336407268,0.8870052651165035,0.8219482410645832,0.7133313649404063,0.7852746662284072,0.7527821126481654,0.7454780433953974,0.7336418163003363,0.708236379546558,0.8035775485104039,0.86841633807383,0.760472683444423,0.8121884691567005,0.7842000550453658,0.7842410822147932,0.6927480305135717,0.7667936227404122,0.8190790584402255,1.0795976241479164,0.7367467489309663,1.0944188668357417,0.802360781630099,0.8729232345399115,0.9161641489289738,0.9000326175280954,0.8150867492638,0.8750622263714026,1.1919328040299102,0.9305231976687317,0.7833899915116725,0.7679987435585506,0.6906733645111136,1.0687146983088527,0.8234857318119675,0.675371345186122,1.209135894622798,0.8825807527451673,0.6733170275337744,1.2292330526821442,0.8196880958256298,0.9636783166811905,0.8514298280734693,0.8695941890978548,0.8215176351546388,0.9219388209106142,0.8258107999550934,0.7956547757349586,0.7973899824764614,0.7324439944744486,0.8646576353397937,0.8299878741287615,0.89034915425302,0.933307700623626,0.825563643894133,0.9419641805679545,0.7849105547084022,0.8847017164559617,0.8596480903475031,0.9015292090952015,0.755039013574984,0.8311912248049792,0.837388768109868,0.9139682052495491,0.9208914628904966,0.8582699307032046,0.9623079648989102,0.8826741356702927,0.9259339449136667,0.9035056495627095,0.9361444115230119,0.6972841661064234,1.4206043180213228,1.1168992939201816,1.1200004548863305,0.8991873023251657,1.2099589666714086,0.7902017568955324,0.9189872058117071,1.1237649563777576,1.1234852150767654,0.8312176289630012,0.8651259488298215,1.0833988688283482,0.9060047850048102,0.8553949591705116,0.9802964213238781,1.039648137353102,1.1820443521330855,1.10760819739736,1.0123026047761474,1.0848230264341203,1.14764572229706,1.0929238054006605,1.0780805439851922,1.1021056511442282,1.0580091988177927,1.2873339692023653,1.1718347305056174,1.0785094091449845,1.0219235544503005,1.1432665572396923,1.052388963990051,1.2805204001851038,1.0635903941044564,0.8609380638587675,1.025046390702164,0.7560544252736116,0.7494309414558701,1.0291209402033887,0.7702414318301186,0.8614642072710249,0.7102432421721919,0.8192927264300209,0.9641640486949392,0.7231730565700113,0.9194936929638422,1.0064288015787362,1.0050689154663024,0.9393583922928239,0.8043547475919475,1.0666181793527152,0.9123958319165544,0.7218128433923585,1.0538564179671783,0.8111053567280186,0.7196503179362287,0.8737135351959403,0.8899645486819076,0.8501359738487038,0.6657739660987712,0.8969665334800351,0.8142501845680282,0.959773908112255,1.115747188649071,1.1157512498630344,1.1009605902103545,1.1791805711663779,0.6383457257073555
20241106-297-LMU-7,1.225648860698947,1.1218637951725168,1.1802470800654536,1.2244143200262478,1.0162168646946135,1.0344771565155912,0.9573604413091059,0.9503015837653204,1.0111468253947664,1.0397904078956335,0.9189413035739212,1.145484039840232,0.9557092124174235,0.9238202411711077,0.9258914268481258,0.9252699835895913,0.9514988980961264,0.9204318646464072,0.8325546759453049,0.917476061982446,0.8851885032474043,0.7920129336451814,0.7696508662108662,0.731658334646251,0.764250622531145,0.7351665661297678,0.7904023730258122,0.8391276685696267,0.7431945157298072,0.814044482338382,0.8229339037823625,0.8278727588800565,0.7530670438900724,0.7488856329633612,0.7853529291531551,0.8328727625960564,0.9800393900681761,0.8061102335618358,1.101383313104689,0.8320828318633021,0.8404022045693708,0.888653639668716,0.8761395877784693,0.9098822177772917,0.8674288466297346,1.1752673144048615,0.9336353382023551,0.829123877715769,0.8567076685933421,0.7044057331023104,0.9957879165891128,0.8734004237181455,0.6930973851621738,1.1024259529786642,0.8804044590520032,0.7654877383766989,1.24509384937941,0.6473489223945482,0.9175241133370535,0.8771861909030334,0.7977785154922065,0.8311037330576778,0.9341447312065905,0.9035206972102907,0.8625968253496642,1.212829183746048,0.7530191654575099,0.9726821098646478,0.9482773385227661,1.0363472901214221,0.9092914068713033,0.933905915247259,0.9020217109436542,1.0193154642536935,0.925294085533407,0.9599119322209314,0.9080168771251715,0.8400097510089752,0.9835702146103522,0.9456806297291872,0.8807176341601032,0.9092072496448153,0.8283710075306008,0.9766835658496762,0.8215449735281216,0.8639716762961352,0.9741652695183391,0.9445206048320518,0.7552808339678815,1.0335108957522794,0.9386351219907105,1.2484598407660565,0.8008190738064196,1.1998786441531766,0.7688730924339802,0.9890735336625138,1.019374998856456,0.96776509986672,0.7842668151471386,1.067365952675519,1.0234747966509765,0.8640738478405521,0.9159982290858107,1.0268656488415293,0.9879139902381193,1.1710755635383319,0.9861851928072725,0.9751469222559448,0.9992692921338371,0.9122027807280377,0.9852654208297693,0.9792164119057766,1.0013629202215006,0.9535892419075737,0.9614461370195417,0.9706778267833766,0.94140643385656,1.0015288468693622,0.941244489231536,0.945052934678793,0.9358987607463037,1.033095303073886,0.876798513402055,1.0314639506468604,0.8419851848144689,0.8138799898900885,1.0921767945297276,0.7599357108464684,0.879063959146277,0.7154953666703555,0.8581872483606975,0.8885996394708467,0.7650890236200335,0.9885944494707007,0.9618957772438793,0.9697035953426302,0.9785135125762282,0.8593149382974584,1.1994007727991423,0.944023245247032,0.8652056702125468,1.0167022778823178,0.9734037239141384,1.035463269756852,0.884366201002749,0.8703070393194352,0.8385132256204718,0.7301237860405404,0.8852509299610722,1.00130399958377,0.8951905225181007,0.951915415310373,1.1647662602540332,1.0836096416404906,1.1625905786165274,0.7284108015325182
20241106-297-Dunn-14,1.1159507936609003,0.9927171523352707,1.0257948150233414,1.0165648549786273,0.989611790089393,1.0202130030926315,0.9488868629776416,0.9430757402810461,1.182057139431692,1.079981347406239,0.9912383313403581,1.0795467465935566,1.028651805710986,1.0240386120450522,1.03218816025239,0.9367693901141403,1.0678336323128665,1.0184887216616796,0.836303854582341,1.1296450148521222,1.0271511773152235,0.9946417668727383,0.9771419842162022,1.0324496329319055,0.9492839930407947,1.023908198093001,0.934527426981891,1.0302491154632725,1.0754805821578677,1.0165750013981198,0.7909100744201221,1.0187906866481489,1.1260180563628885,0.975090042631128,0.975913971512713,0.8859435894916874,0.923185780349761,1.065679805484446,0.9807325920128238,0.9361945025451959,0.9207488791397384,0.9669195149645763,0.9218938174176601,0.95830580133094,0.8000742908582543,1.068906024998665,0.8866792683099352,0.9124699193491581,0.9248305420935709,0.8686317360583099,0.7158176431093437,0.8892144026714333,0.857632815595751,0.7871813748053424,0.8234392597112336,0.9231358278949553,0.8711479131613671,0.8719556815640509,0.8579285554120755,0.9353308976403595,0.8383106002165003,0.8678834289388675,0.9926469083326293,0.8343175483579301,0.8979414343832574,1.0620377913742949,0.8898794828475579,1.0123861162653613,0.9842062267344468,0.8824191006747435,0.8808316034417976,0.9631314855830289,0.9332155300143746,1.0434048958047528,0.8863027881649136,0.9705936282433718,0.9459563705467025,0.9744995011053299,1.0038270501026192,0.933039942577812,0.8428770144230296,0.9420415866824512,0.9955936738768677,0.9756505595966826,0.823876939609866,0.9088859022033703,0.9008729718423963,0.9772531302091827,0.9008976174149304,0.7388756063721383,0.8691409767325483,0.7708494486759442,0.8251704108274471,0.7639823657966472,0.8375680105057076,0.7818839595169623,0.6820615606492508,0.9281052093104005,0.8810116985446413,0.948758362740316,0.8623918963277126,0.8694302419004944,0.9449162166350149,0.876810448251809,0.9841116794020762,0.7111263330135886,0.865369752866002,0.8803012600822262,0.896461276267131,0.8340634932479573,0.9292322237996887,0.9130302912158257,0.9279831136399556,0.9125248936863498,0.816732177923927,0.9138132875731135,0.8772771409267656,0.9190614914978664,0.8571771726493114,0.8589120701311846,0.8748338993442019,0.9017927992421424,1.0311370095212493,1.0160435045429461,0.8024895405405355,0.9909295896456137,1.2137808028421415,0.9556121920689019,0.966479994108481,1.007803831804473,0.9683992043819827,0.7943996706967622,0.932092906639829,1.0560874787014902,0.873420948928845,0.8280781738863764,0.892431239035362,0.9203871380537403,0.7252125513984159,1.1153462407826713,0.8677281790103607,0.9455754439079695,1.0301994782528618,1.0421576272205204,0.8251465404341747,0.9015015811769995,0.8906833870123917,0.8738867404422267,0.9515743568490235,0.986141877571904,0.9031499250848872,0.9692416976862401,0.8048077333946007,0.5149286922444138,0.711681304597719,0.9985374626255258
20241106-297-LMU-21,0.47833722526008904,0.5136358184876003,0.5771921312093434,0.49644932334807895,1.2453199228474756,1.244086491888969,1.191623099721232,1.172598573014151,1.1763549481890188,1.272204149614182,0.7935206161009207,0.8725931843621124,1.2859108921044737,0.8054840127219278,0.8248333017687576,1.2721727773129132,0.7101679959859071,0.7963234443600627,0.6332792571761644,0.7460638805196399,0.720075752535375,0.6609627023215027,0.671852333598116,0.6532457247835473,0.6105147861728417,0.6339439304674045,0.5970468825753673,0.6383552830735699,0.6272647736876957,0.6102939510253751,0.556781418207686,0.6476394466788585,0.6496674015300019,0.6471015058564085,0.6690195472908788,0.7119929830990903,0.8381993387933788,0.6152905674891602,0.8185529443326239,0.5897147955370932,0.6307826277216821,0.7171727703973447,0.7298294690269702,0.7007101794543721,0.6920235880746317,0.8646257112009877,0.7754591071474081,0.6630633804622958,0.714579453936046,0.5974646131170309,0.7695688422577525,0.763966989295331,0.5993317406840356,0.8436770256437359,0.7152227624225256,0.6567534973813766,0.9390737760456588,0.7707060600006429,0.7529750350927624,0.6556324758046974,0.7062568794032674,0.7436231912649119,0.7625701599230139,0.7054547563517909,0.7235226000586915,1.2152284813796173,0.8190295957932474,0.8924163540588771,0.8552341517556775,0.8768037275384908,0.7354412926429342,0.8787020878102312,0.8987225059802358,0.7327080136414067,0.7202971347857103,0.8686194080411771,0.7727023601080477,0.8539067635369733,0.9004331150197579,0.7510156746772018,0.7430542777879791,0.8854628495916006,0.7748167663451819,0.762664754937311,0.6873419846773958,0.8530105208068014,0.8115932684206051,0.7723371390299272,0.6098871015592012,0.9837756453113184,1.3335099644611321,1.1153521282965242,0.758421960911479,1.0034421734458407,0.7675480300233308,0.8518627043029023,0.9202606237044024,1.268295943057139,0.7650313023867601,0.8240685888732867,1.4319530165383942,0.7392019000982605,0.8876605145712271,1.3714034721705208,1.2070991820176984,1.042971293204608,1.409928145148192,1.266058240643732,1.3949983749114627,1.3746459124510313,1.3329326732311018,1.334352841829816,1.3575495526580874,1.2646810159685413,1.2545781931776943,1.3363085342311534,1.3623901983647941,1.328962636890237,1.3251178969481636,1.3336298764115209,1.3311072367814125,1.3886354258556142,0.7789962866700979,0.8772995970501238,0.6063523206861691,0.6565905929908873,0.7176330519062172,0.6339404527725189,0.7266090712752411,0.5682169139049461,0.6648551920722366,0.7593828303276614,0.7295640781626633,0.7782426254860695,0.7948547634670999,0.8348214875520114,0.7664061821449675,0.840739787938858,12.28185821250983,0.7512833780589442,0.5574330228642632,0.8180674411981654,0.763688211156572,0.8235135940874951,0.6876789084447584,0.6794450647497415,0.7000596851679182,0.6580900134327903,0.6464159733124012,0.7756467945377149,0.7984086204745329,0.6937877746872919,1.0218385663652387,1.0087390740935622,1.024684062386553,0.5542635907595181
20241106-297-Dunn-6,0.964857489203083,0.8814952082825066,0.9120656736712451,0.8887135141594684,0.9906731760644061,0.9829038381172898,0.920769122042506,0.9836900239884524,1.024275103697601,0.9727776276810447,1.0266896572786424,1.017515314413762,0.9238913159132448,1.0734311169403954,1.105440969785057,0.869778024845946,1.1546817134703404,1.0657826335933303,0.812730156503807,1.1477836841856732,1.087873484353107,1.0314377208211964,1.0251998500446,1.0588337665720027,1.0047127432120633,1.0734570025155712,1.0088983549101567,1.0234000713454032,1.0648589271778843,0.9579217647665494,1.0554360799349771,0.971579198777936,0.8867057065172621,1.0301478432382343,1.0187543544957003,0.8945889445099418,0.8665732303099618,1.0686182787460374,0.9929611226895858,0.9683046147633524,0.8962469762169798,1.0223610227855144,0.9834541222609293,0.9724850969737026,0.8355859196651174,1.2075086384147868,0.9287440045272706,0.954368989443546,0.8880380198485557,0.937262893877135,0.7719335458737876,0.824406176621509,0.9046112617393843,0.8010355085087175,0.9386716375292091,1.0182702803582,0.8259340666055174,0.7248310369160583,0.9345717653457047,0.964261183170993,0.843185907903162,0.8780979228581338,1.0170494645979373,0.9060260561370849,0.9250221771699362,1.1308228170886878,0.9459859554079362,1.0469218408757859,0.9838994197752564,1.0778326247868404,0.8938200523668907,0.9992278667983003,0.930877413679595,0.8503384317165648,0.9291159241028841,1.043732325070202,0.9478976856018111,0.9655522295145248,0.9692049410355716,0.9245611957764686,0.9057560043964732,0.9905254828758046,1.015004815774369,0.9505232448861651,0.8248107379027331,0.9364528377794279,0.7746004082932512,0.9370416725281175,0.9531357694756938,0.8173338579570845,0.7490775092050967,0.8309501157948851,0.8775693510827595,0.7489481202344968,0.9439783065620126,0.8600622675946779,0.6753781777978797,0.8189527032131833,0.9061991592700205,1.033109423137495,0.8510983833118481,0.8486777568686683,0.983298145946269,0.8732770503922754,0.8773367868980497,0.81304811204931,0.8568655766527532,0.8553428506790912,0.8651733024036115,0.7982392075134832,0.8808590906247993,0.8470960436043727,0.8676246989427938,0.8280171936191121,0.8386195423635863,0.8276717288257899,0.8416398249216557,0.9272242349374318,0.8282776234948506,0.8253275292196653,0.8372144777058852,0.8898992398404193,1.110193293016438,0.990792456929446,0.8495731680470444,0.9602306065018472,0.8981729590443631,1.043594492319058,0.9161395540333254,0.9669976515846761,0.9760259862397436,0.7757014801970811,0.8845176083841501,1.0627447895006799,0.8907948132356328,0.8907175409052484,0.8819914295449977,0.9074198508337034,0.8389403665887539,1.1736609094251584,0.9183121928853594,0.8587295934185093,1.000749304658397,1.034890111376668,0.8902491269183029,0.9441814670034648,0.8803455171331332,0.9324729039689859,0.972538277831221,1.0330859583508336,0.9712297134505913,0.3472926697336941,0.7393639574593011,0.7690636468405562,0.794203718657014,0.9181672536357608
20241106-297-LMU-19,1.0239047540707762,1.0254484415075489,1.0398648567085613,0.9828179861900025,1.008926248600225,0.9717904731159415,0.9156318014021018,0.9445729977879004,0.8684592798918731,0.9321286384406761,0.9499183371303759,1.066490544468391,0.9388963233774907,0.9942348647187456,0.9878057224369725,0.931882653796389,0.9116175403788005,0.9801526758412209,0.7865744270016464,0.8896973377211915,0.8321436100899746,0.8037789790595914,0.7957107342645149,0.8084432068844787,0.8281549556437225,0.7867580869805365,0.779727921754911,0.8558194883267829,0.8005618763898973,0.8297311622747584,0.7073454344572927,0.8481348616543334,0.8615118537106023,0.7864809057999101,0.831834722387793,0.7861720211661757,1.0096285187955216,0.7787899159517172,1.1190602939650245,0.8104620425500609,0.8394489689352147,0.8610142802089928,0.8383389202961924,0.8696791922115394,0.8531383053292068,1.1103935033552665,0.9316192784152035,0.8239391226156169,0.8132348316598373,0.7482271296023297,1.0050047951042052,0.8948547845166082,0.7416442167644346,1.0069845521963505,0.8343543688976623,0.7731221755734934,1.1693398267649644,0.8988942383504471,0.9675126365983275,0.8709818578010146,0.8558553298312108,0.7716359434180228,0.8790157020075958,0.8241932255398008,0.823772419609355,1.2715906538520403,1.0522234403301969,1.0468632375441211,1.0187344428713179,0.9659244355648466,0.9475135624650167,1.0142225222613972,0.9653271339806363,0.7814551626388373,0.9571086663572822,1.0316711180003082,0.8672614131022821,0.9728848122751964,1.0716473105421542,0.8803185009021441,0.884569282499313,1.0023967937422318,0.8953187785617208,0.9060195586770348,0.8624329388629898,0.9565273701885774,0.9405761527034036,0.8621559004660014,0.7748087591834129,1.125389759406192,0.8941345486175967,1.2705427821777955,0.8867546595144138,1.210082098131838,0.8451048875543826,1.021461798344094,1.0720426521516295,0.9338709415929382,0.7881392658760432,0.8772225428940681,0.9824448979307981,0.8033361089576478,1.0035917876588138,0.978772853222209,1.0511517012345406,1.1894214958021416,1.0341126296171317,1.0000871908076012,0.9858959182322944,0.8996074217540879,0.889981834315346,0.9678880761598033,0.953272564819945,0.9547854484271818,0.9062614155256628,0.9913653631451612,0.9052541074843723,0.9791354065970521,0.8696091254951538,0.8741697802794733,0.8928501046767146,1.013987561328854,0.9695213450871525,0.9699875374667851,0.7473177360543702,0.8251954640293682,1.3321278470625697,0.7866170776524991,0.8481093784096835,0.7233720492379968,0.8585484214059966,0.7827011534807921,0.8415446263441365,0.9573226844886286,1.0489121992328396,0.9384969305224101,1.050913609370259,1.0027672507044425,1.0746456442084098,0.925332367021938,0.909708292806437,1.0444914995576813,0.8936807110826313,0.9092145156418758,0.8924456267276111,0.8055307722597425,0.8589055779310633,0.7874383851346154,0.8771612888253214,0.9988327965745786,1.0247232379709437,1.10089490491077,1.2140968286503018,1.0889748679999234,1.1108733560586554,0.7893327952007643
20241106-297-QC8,0.9578413052130013,0.9578413052130013,0.9578413052130013,0.9578413052130013,0.9578413052130013,0.9401712693236209,0.8914553214567656,0.9286709925316939,0.9578413052130013,0.9578413052130013,0.9578413052130013,0.9083323115560139,0.9578413052130013,0.9578413052130013,0.9578413052130013,0.9878530960350301,0.9578413052130013,0.9578413052130013,0.8866762584373101,0.9578413052130013,0.9090101304672248,0.9087293330893736,0.9427702631130326,0.9578413052130013,0.8788519998500807,0.9325326807277097,0.9578413052130013,0.9128719723709288,0.8676166860676156,0.9462038084083083,0.9578413052130013,0.9347920734531984,0.9578413052130013,0.929058519638348,0.9435419799955905,0.859899515033311,0.9008875089796707,0.9578413052130013,0.9460456356799646,0.8809149691246702,0.8995276875635159,0.9187014291709784,0.9578413052130013,0.9506325734944069,0.9037269777336308,0.9493761533263134,0.9578413052130013,0.9018916459052506,0.9072166284365866,0.8589914875880527,0.8960019804581355,0.8617345924770785,0.8559376935146147,0.8843458591021582,0.9198893586332326,0.9370731380450271,0.9589951253229836,0.9578413052130013,0.9578413052130013,0.9011841124945877,0.8429425250483763,0.8576013381919143,0.9405017601757452,0.8983489747284858,0.87228041711864,1.2668992035880373,0.9304795142779502,0.9578413052130013,0.9578413052130013,0.9578413052130013,0.9578413052130013,0.9545493363501875,0.9072164506821423,0.9578413052130013,0.9578413052130013,0.9578413052130013,0.9578413052130013,0.9578413052130013,1.0278833080594305,0.9127758020199442,0.9368360923738837,0.9578413052130013,0.9874523482814951,0.9379005675349804,0.8969322774534225,0.922512020956896,0.9578413052130013,0.9376594453830313,0.8760631043387807,0.6784031855673718,0.8719571160465998,0.9578413052130013,0.8708671304996801,0.904592154829279,0.932777788906991,0.8311576725170403,0.8008308958617089,0.9578413052130013,0.9020519025459772,0.9578413052130013,0.9545297699585524,0.9272752124274565,0.9578413052130013,0.9578413052130013,0.8999334685573811,0.9375270953568553,0.9309161189769998,0.9578413052130013,0.9360082343363212,0.9132173223573098,0.9454233432335319,0.9315113047087291,0.9575797760556023,0.9578413052130013,0.9578413052130013,0.9578413052130013,0.9578413052130013,0.9578413052130013,0.972130611178449,0.9656718271132602,0.9578413052130013,0.9578413052130013,0.8912177194198473,0.8239879283829119,0.833281327895302,0.8546546829935694,0.88112109401293,0.8565464945444885,0.924950729807714,0.8734542185276795,0.9220025328154167,0.9578413052130013,0.8388928506391113,1.0420239625814955,0.9268558804483054,0.8839695756624417,0.8804129460023312,0.9578413052130013,0.8467313509977431,0.9578413052130013,0.9578413052130013,0.8813356509917222,0.9106767781598926,0.9578413052130013,0.9578413052130013,0.8925638326966995,0.8535127354525679,0.7982892780014865,0.9005650941222134,0.9578413052130013,0.9578413052130013,1.0667250164094657,1.0009355631729622,0.9578413052130013,0.9500357387029497,0.90112029814218
20241106-297-Dunn-15,0.8764329588616638,0.8389148937477194,0.9106498156562643,0.8453987848803518,0.8561077501420368,0.9348351532841405,0.8787881597604537,0.8766924232500966,1.0247099122407604,0.9236494018163213,0.9715942927146802,0.9860087098674825,0.9059043488184841,0.9979197294915911,0.9958760415197222,0.8922538927033862,1.1655195545077928,0.9861176868294939,0.7979535154661481,1.1146591495222455,1.0591782142374377,1.0060341036308262,0.9924752260020331,1.0701489795163748,1.0149355033544343,1.0131453023542125,1.0024652240639653,1.0655415122088192,1.003391509923458,1.016571087895978,0.8761281416847603,1.0263466975263251,0.8842093867160925,0.9896525247162342,0.9834907528966587,0.8300156393075778,0.9609939973699656,1.0924128718767672,0.98825845566306,0.9068616947476383,0.9534147965629517,0.9775515835044863,0.9796244817743266,0.981074577516438,0.8564237853111416,1.1833425066702288,0.8969712803645915,0.9532161783536364,0.9053442864408265,0.9155854077288106,0.7295444095295873,0.8778532688796823,0.9203110638849546,0.8219965661818923,0.928787095147979,1.0355603424732684,0.775023822529015,0.9082886122798545,0.9246636860735677,0.9782906395008985,0.8559623862141149,0.8782389099336131,1.0026187626997316,0.8431540231431454,0.9022821850518683,1.0996505575531355,0.9190204580081262,1.0236278427856083,0.9172572920941842,1.1954924405648109,0.8847189952136778,0.9398957708618756,0.8485453356812476,0.9795336836092579,0.9069087702912647,0.9084294754080153,0.9875130770303446,0.8969057531649952,1.0295622236779012,0.8954317459141374,0.8657924867314392,0.9161104550518668,0.9910873768271695,1.0244412149538362,0.8167749990872955,0.877395377669861,0.9115230803507741,0.960245734636194,0.9899261905810447,0.9147102957429448,0.835767701322209,0.7405871952187535,0.8789414997751077,0.7219893723922184,0.9231960370647355,0.9655905480401559,0.7123322815252903,0.8773603419710521,0.8967589973030323,0.8753082217859027,0.9290433217167581,0.8583476786655231,0.9254089514374763,0.9220590778834491,0.8227584014521547,0.743407675405621,0.8544456470223799,0.9080680659724607,0.9295019509037453,0.8693840206105937,1.0139999423799493,0.9436236887275209,0.9075241682326731,0.8987163341817476,0.9001492599065017,0.9369888584841851,0.9023926028783837,0.8710390208058253,0.90912227372183,0.8875440530865991,0.8939406527133008,0.9911394949374623,1.0625475320384863,0.913734077357253,0.7552860759990074,0.9791068380238696,0.9651263899019328,0.9584591946226311,0.8560255150047739,0.9609014520096859,0.9623951773638671,0.8510741037697948,0.9648030562995934,1.0729156264090673,0.9131739865937681,0.9268196490547893,0.9733908222952059,0.8723391357482154,0.8619939873245278,1.1564352337959511,0.8640543296759216,0.9296052613815841,0.9901353688561356,1.013818797986863,0.864251604470413,0.9600574804858675,0.9726975675202864,0.9104265680227676,1.0159019730453818,0.9724070876520825,0.9394162507302273,0.6395173891181802,0.7893622260168897,0.6714357861990565,0.7894275505897816,0.9649368338124231
20241106-297-French-10,0.9531466548226062,0.8628275084113054,0.9545044613404285,0.8973983381226585,1.0824077178278209,1.0194691892253378,0.9418070689470047,0.9652917019941546,1.0129948903990142,0.9302656576091636,0.7423736890099666,0.7074975670050883,0.8925870572835038,0.7627460362605485,0.773026615633068,0.8940216889392266,0.7632207777783467,0.7747290584190544,0.9784010730585752,0.6930773858742962,0.7136891208810036,1.0408986918184808,1.0396556731998594,1.0019449398326943,0.8672216006948584,1.0075947723733474,1.0480785633374061,0.9181734613385385,0.9523138591948956,0.8904785114319078,0.7477050491150038,0.8870109612400259,0.8765040945730037,1.0309406265771537,1.0491298805814795,1.0316115190334918,0.8310244340428912,1.0027851383232396,0.7963529911345599,0.9340597217092502,0.9574972683170181,0.9667803964212551,0.8681746355061106,1.0338575059349047,1.1150527200647697,1.0104341512346482,0.9777783198923321,0.9316108550982187,0.9606690890343301,1.034168662623699,0.6897203513301111,0.8703812140255486,1.0109734610686523,0.6816181702737447,0.9426853948467364,1.1114302894230172,0.7045418645737124,0.8522410635519705,0.9936758876921354,0.9265700117301243,0.8866865359676758,0.986798615187195,1.0839283426990391,1.0164462797795188,0.997009718208053,1.039343098763797,0.982930179481524,0.9354753689808145,0.8967100252061841,1.118401749698983,0.9986708693945867,0.9181153042621558,1.016059330526997,0.9956249121528502,1.0204685740778277,0.9411113744128666,0.8848674356341109,0.9543480397165041,0.9293161161381667,0.8755251191097718,1.1661836074726024,1.0253028513046583,1.1909320592539687,0.982837396210482,1.1677153314510127,1.0140590456563965,0.9293019078033815,0.9602170637353038,1.0589281812167397,0.419552804053217,0.927770549402524,0.7667465816563394,1.157690951526912,0.734711681557409,1.020507060826995,0.7510509048652815,0.6958702072351243,0.9833823130948486,1.034400249824452,0.8657772657341082,1.0319767683850585,1.1654846149005822,0.9092442109157928,0.9833306288413121,0.964343709573504,0.7578529716082515,1.0236809563352376,1.0411976340827604,1.0101860445580277,0.9757156856297292,1.042360115918614,0.9864984094354381,0.98549029691354,0.9688826462254585,1.060904049631577,1.0083795435356526,0.9956724529519793,1.040620563126462,0.9776676070336453,0.9473708784355982,0.9693879582492217,1.0222649114751836,0.7949260216666191,0.6237362258440596,0.9763095439200417,0.8435096209045503,0.7352331162285753,1.0018960712064462,1.1088947888399,0.8910092390755061,1.026710841883643,0.9839857368910864,0.8470164185120362,0.8947975613790523,0.8983395243146136,0.7349276216961218,0.8497966315914998,0.9144120858235246,0.5437473365664287,0.716072292603687,0.870640057361633,0.774501632226365,1.0263832926518968,1.0534169901184673,0.9292006966519756,0.9740138840940266,0.8871956776490195,1.0492971935578463,0.9350229105636942,0.9663866929293672,0.9061534033930164,0.8426580231052033,0.7517782876536664,0.7178361016456548,0.7358026063105811,0.8745607077759394
20241106-297-LMU-11,0.8060924952794962,0.7304950163955202,0.8307589610793589,0.8006500409653502,0.7939295732099576,0.8085841686347973,0.7971527756057989,0.8141333098254235,0.8162087852116093,0.782482410635348,0.901885949690121,1.1249825601435743,0.7140326797096971,0.9676018551202584,1.0050119248425875,0.7058653809921034,0.8571604318816428,0.9549509726901647,0.7697771496893737,0.847446206071115,0.7943549947497038,0.7641288428131535,0.7643465532283215,0.753001680754684,0.7899256673343064,0.7435055726927416,0.7564653809991787,0.8149015733631553,0.939064745962827,0.7670377189059604,0.7558676103588662,0.7606063813176831,0.8211637217540033,0.7261159845047074,0.8037895772854721,0.8021157748957211,1.1041258105661045,0.8794361233554198,1.1311320284640554,0.7519861743317906,0.8364313819545726,0.9689261504980203,0.9498708919087745,0.8165946673565088,0.8930705095022229,1.0155543378018375,0.9517324678641453,0.7923535397434788,0.8912753816183384,0.753869657651821,1.1242219390576906,0.9305622743318102,0.74329507141145,1.2981822628821136,0.930811419433041,0.816075551132244,1.061550514474347,0.718114622134877,0.9809651044471277,0.8853389309428311,0.8232617984811041,0.851779394293332,0.8489323217178494,0.8099160327290488,0.8042355562253414,1.437695274325046,1.0338664515029836,1.065932311886219,1.022566568817774,0.9685996414717595,0.931036144777199,1.0257807709168156,1.09559021264328,0.9679710779842403,1.0222733763466312,0.9685701415285104,0.9545719365140635,0.9840229887539091,0.9062864499761791,0.9184568213514747,0.8823689826492283,1.0430714748879748,0.9214535575719179,1.1373073310300175,0.9822993555932452,1.1370136125150905,0.9875071416256698,1.0255552786674547,0.7861451552060558,1.4403385130374524,0.8514560654814717,1.438878132251434,1.0042798890263245,1.2677366186140375,0.7979016101544109,0.8530601799208558,1.434081526989492,0.8885591002100202,0.9189745275240486,1.2367364933752307,0.8495005736974283,0.9136790639856699,1.0106933092707053,0.8559252103799836,1.030198412218122,1.382547891783807,0.9141965597317308,0.9351121490407777,0.8645340531580404,0.829899532146097,0.9167155847537372,0.8552586695213533,0.907770564646366,0.8532569232595552,0.9105426018566588,0.9183583813677353,0.8561531101865698,0.8300982992302813,0.8964003218494784,0.8687658517312816,0.8775086656818035,0.9076448752434375,0.9538904911661773,0.9680141268266819,0.7585888989019681,0.7831487884825387,1.084746317008281,0.7206447147827117,0.8477391161027722,0.817381531399557,0.7825794158191178,0.8588063170744189,0.9553667669975757,1.0219739919146917,1.1735640420679958,0.9964515300352178,1.0254210026849746,0.9867599458530161,1.1676969793205134,0.8613931974253852,0.8324578000317614,1.0447612220029683,0.922928533919335,0.8637836798771819,0.9630960634266217,0.9100374180360729,0.7649947468111591,0.6785909374592088,0.8011091330327765,0.9323509773821836,1.066896095658067,1.3663295017183954,1.3608816367293284,1.2265061909547885,1.3739416827712205,0.6435511002681245
20241106-297-French-17,1.1161482497278719,1.059914048973364,1.034385858817754,1.0325789420940488,0.8738515544164352,0.9050070973284636,0.8485394529711052,0.833147675059863,0.9432618413080202,0.9030479777172591,0.629151875223372,0.5560441971222086,0.9073203262982431,0.6428048898621866,0.6698958893689432,0.9148411533222335,0.6833304399780435,0.6255921426310441,0.8592413690501969,0.6454915375171024,0.6309325070482221,0.8343242385214886,0.8908500414034528,0.8410636973690425,0.8143069782607573,0.8467695537365351,0.8164035076193149,0.7415771172452105,0.6205939981503832,0.7273556971502885,0.7585362757951366,0.7536387061831781,0.6510627768596766,0.8329826130513746,0.9193945168403624,0.8343877963394611,0.6729712338644993,0.830453131447173,0.6737133211753312,0.8178042387186071,0.8118072744014527,0.8355075045217636,0.7442348960436049,0.8155525978061832,0.8817063570882506,0.9248792418155375,0.7990586850807609,0.830396007041621,0.7870217134492478,0.91445837325657,0.6213132824739541,0.8335071414770698,0.9063764431576532,0.6151502371332827,0.8552410627754677,0.9882941028342264,0.6689511491667949,0.7113055379220836,0.7779715759073456,0.7601836642700407,0.8034285337284278,0.8130170659793072,0.8682741242466626,0.8153445723750455,0.8102160453426928,0.8934830253856423,0.841195754102646,0.8243482982469297,0.7858678924865629,0.9811554397881921,0.7817988337532996,0.7795779551290086,0.7425607375125842,0.7451662977260328,0.8242936335132882,0.6818469199272096,0.7640372943416007,0.8087955110636048,0.7080937089870212,0.7474417648474728,0.9332689784351973,0.7835138952887968,1.0032973346319216,0.7944521471938382,1.0063119057536611,0.8363611693103953,0.789875428991499,0.758306671029003,0.9502457627214597,0.6379679228232193,0.9653454134523336,0.6314483629470807,0.9914175448629767,0.6263160352794948,0.8617600275849047,0.7198145016689654,0.6912481697182128,1.0050514918264897,0.912061705455433,0.719937051777091,1.034593747627754,0.9332386533659632,0.7748481156880531,0.9256707357719728,0.9446227429809074,0.669224983663749,0.9922779262198141,0.7979294997646783,1.023387743842409,0.9481294468547597,1.04530556971886,0.9907529678366341,1.0160715578973634,0.9822676856427264,1.0174555449720977,0.9754428639329926,0.9681493054963939,0.8760748001328716,0.9551096668841466,0.9692626506279836,0.9724154715095629,1.0388116300573451,0.6693108976380426,0.497989960423854,0.809532973539297,0.72403623757628,18.519321743638844,0.8170313074682527,0.9108880764858079,0.7900291495776093,0.831773113447077,0.8402855717154836,0.8082496104648412,0.8011370449300923,0.8876586066809956,0.7077757286407284,0.7421798055678935,0.7406074885577086,0.37712545081225035,0.6723746916988558,0.7421562812390907,0.6297012081436857,0.8831199260040444,0.8001509083457975,0.8048801256318345,0.7952067590149597,0.7996118030486852,0.9294050639975688,0.8022472764806963,0.7800089081629837,0.6880551888508477,0.5595485018220827,0.5962717917429623,0.6184759418394429,0.6385733854650392,0.8089414771478901
20241106-297-LMU-2,0.9130380763210374,0.8727601485787404,0.8948290802162164,0.8789240620400876,0.9124890708819436,0.9013513116160251,0.8440848307496147,0.8485627318976964,0.979921197073852,0.942485742067788,0.8903806861916792,1.0779309932311583,0.9944641737427903,0.9106266682051869,0.9328030816651864,1.001217381823056,0.9143160650901442,0.9160071092989619,0.7790395109575804,0.8610626420395664,0.8271953851888795,0.7613218854158379,0.7745893830571581,0.7201170253939329,0.7810192280665766,0.7623658402975031,0.7555495209564626,0.7922644802594732,0.9535972443956228,0.7807046566341777,0.8378025126866784,0.8295070688823256,0.7589077534081802,0.7841302435594488,0.7763482249512298,0.8522451148630321,1.1127218374181678,0.8062277968770122,1.1422135111532217,0.7848636011152891,0.7950276961389166,0.9527171314600679,0.8933035248408614,0.8294435832935015,0.8216224401296379,1.136481517214324,0.9151472307187482,0.7661941957084247,0.9290008975301076,0.7134651112930058,1.2015985601028167,0.8929728817572359,0.6920489931754206,1.1902940997598253,0.8971374835885141,0.7775573867738579,1.1243168005324193,1.1608194855418033,0.9183699764080264,0.8923850579334079,0.9185783001345178,0.815876621564757,0.8193789069512831,0.887669499046594,0.7663125751856058,1.0616944750215773,0.9444906656104524,0.8985245503066538,0.8681268513770959,1.1016752492762834,0.9060043745876297,0.8713285905769863,0.8798083054718081,0.816473929948218,0.9540262456301893,0.8207620865243397,0.8525616286140959,0.8787619709717264,0.8729459149380218,0.8926041627721037,0.8663978504310667,0.8498534391274543,0.8056743743522884,0.9069122707733006,0.879572903274773,0.9176104078478163,0.9202338317457208,0.9377399864523591,0.7341555853490812,1.300825006036463,0.9661800371226221,1.384793375648282,0.9415826168810797,1.3128239602164775,0.8487978455328239,1.0744103829558729,1.4410372429897707,1.030069584735731,0.8438597652227061,1.1643969525858364,1.0951294981561632,0.8657532130720937,0.853477824227608,0.9599422820868444,0.9646711977797825,1.2708330989377,1.0282120101206385,0.9214336968066247,1.0267915825311584,0.9778739716404385,1.1779841247494864,0.972402679837455,1.0166227532948127,0.9857048065992369,1.030729289493528,0.9813948643961911,1.011311989239019,0.8631226756210424,0.9870359406688147,0.9885711477358533,0.9894729764558992,1.0161011323620734,0.8835833018108434,1.0020154115969642,0.7355776931826943,0.7796068208738397,0.9326149679902875,0.8128702491655908,0.9086224108701195,0.7605212675043822,0.8483905600026731,0.8087023931139935,0.7732822529877157,0.9808446973646605,1.1150379004010387,0.9230827356830915,0.9143489087601161,0.8999209535752865,1.1445454094292493,0.8668205690687724,0.8117785990393477,1.035951534896498,0.7861215758950366,0.8578586818251507,0.875686680421537,0.8811680435270829,0.9307077864350468,0.7634660674004188,0.8698451066448566,0.9159128424329059,1.038283069208482,1.1416289127252728,1.2830715556677206,1.2437514615537426,1.252584626433812,0.7110844994544305
20241106-297-French-8,1.0785427021073661,1.0578784723685688,1.0186160738962071,1.0449930874037092,1.0016733310136032,0.9260475497888423,0.8759364263167733,0.92447808946276,0.9648400103329039,0.978297355120641,0.7541428397555404,0.7077042954448871,0.991682756493615,0.7477137573171936,0.763063827441101,0.9415708944500382,0.7551974775750051,0.7534644231322053,1.11962838196375,0.7575844661362963,0.7063715779699495,0.9888399170446116,1.0277639968005021,1.0015833088065402,1.0622448407562681,0.9909349326427154,1.0330965768418607,0.9381743265649386,0.9469150400097055,0.9694264591120051,0.8009897647285991,0.9236094980805829,0.7861281924164484,0.9991365125382601,1.027039394619308,1.071673648283064,0.7810094156492836,0.9933096407472055,0.804389004504931,0.9427723655886319,0.9684251839360182,0.9831232951666992,1.0025821485614728,0.9443404521097423,1.0950184079007053,1.1119536277385753,0.9267951926690615,0.8958814890066482,0.9290022930256928,1.0732411508122088,0.7594674393872939,0.9567132309987885,1.0410854374706844,0.6918687640983563,1.0218736164339683,1.0922898477727976,0.7331993921156831,0.9015250854126432,0.94939470511687,0.9741330433382529,1.00531436784164,0.9530102201605216,1.0349195824147612,0.9502967624996516,0.9544827202553456,0.871701510672239,0.89440826708178,0.8541073593446316,0.8443036555874286,1.1101621870528497,0.9192427538147298,0.8367755002551706,0.8237941576425649,0.8658248243499843,0.9349169183193048,0.8281877337944638,0.8908912786491572,0.8565908347870856,0.8077232880234634,0.8642040050533887,1.1563584881502147,0.9063478346908207,1.2128939984766949,0.9722508949539512,1.138751288629676,0.9190463960943258,0.9444389339804923,0.9345732159499485,1.036459983616604,0.8737570092048289,1.0465464450019768,0.6661426633609421,1.031765812717454,0.6551675022649527,0.9720626724908766,0.7341382232453598,0.7423015079038171,0.9938988964643589,0.9887137607371228,0.8236499448345939,1.038099756823897,1.1011726557263415,0.8516569231840192,1.0042688063824725,0.9174307139786694,0.7186779080556506,1.0209926812140466,0.9775258362464238,0.9788459953157205,0.9850199901365103,1.0268296181720844,0.968455327480849,1.0055147302531506,0.9973538389227196,1.0262700167239178,1.0327319667276003,0.9928685567004901,0.9395883041512809,1.0020081768358697,0.985649086230362,0.9939946406702224,1.038589547380174,0.7261666098779133,0.6283163752962224,1.0763706740726142,0.8491476289236158,0.8562464127402588,1.0586789615228185,1.0642954565868703,0.8871676582483752,1.0206600578413392,1.1471352992005626,1.0040202343814117,0.9193942793489382,0.9037989549516116,0.8196025649573229,0.8339021225106771,0.8368534261533991,0.7312760408050325,0.7639872671484557,0.9819533084107966,0.7714791021863574,1.000219331660496,0.9847982628159586,0.9873634580496288,0.9387686641146268,0.8883158229400218,1.0604118477283375,0.8875572363105342,0.9138170216590341,0.938935409910083,0.5630587823048565,0.7459556502963276,0.8884582849803245,0.737907157321378,0.9082192814795067
20241106-297-Dunn-10,0.24168471042262651,0.2104434704382524,0.262107069482977,0.2430821843161184,0.8192362267425619,0.806492675053498,0.7852998995967145,0.7800821648136724,0.9604162308566666,0.9612275722252173,0.9742011588515604,1.0839940317716503,0.9273868781224262,1.052786467035145,1.0734156203105836,0.9361112929463862,1.1293145191871963,1.0062054571743124,0.8433786003670983,1.138430956697271,1.0827033657774292,1.0655544863491513,1.0216575302017064,1.0228558964389527,1.1271225823273705,1.0353795438835498,1.0119452060314285,1.0630710137203467,1.0388666413318572,1.030049519325061,0.8837208453275435,1.059243087665625,0.9126819330269381,1.0437488574226168,1.086598739213194,0.8467236625976964,0.9752453250186908,1.0530314558516805,0.9661028595355403,0.9231937000106754,0.880440787472151,1.0748379748707833,1.073584416093855,1.0322847682634688,0.8720897619024899,1.3921635521477431,0.926249270723078,1.0067305849835222,0.8539948184264852,0.8953528549261405,0.9019103463252985,0.9008902587804691,0.8789022784743278,0.7816728835684038,0.9350537193679618,0.9758827848567726,0.8334300583147811,0.7913653347104523,0.9192604128976908,1.0452766822147974,0.8293162390870448,0.9940246894085664,1.0462417871686167,0.8216485872234969,0.9766700537807265,1.2173613089327284,0.9515701293363231,0.9031915860124838,0.9071137958101527,1.170241896956276,0.8375987615786928,0.9265669510892094,1.0063314551014395,1.017509768470387,0.8915188336058127,0.8562381347583373,0.8804061050377522,0.898615669596679,1.0086698381494825,0.9481280483331784,0.9194784599353313,1.0284896771114764,1.1620839562545227,1.0209566766081561,0.9046747981894494,0.9865742510350954,0.9110190417663881,0.9793430031607039,0.9367881415084699,0.7948849465539427,0.824512762942351,0.7943348080714766,0.960389281978322,0.7446606710915855,0.9773546562828291,0.8424549011024096,0.8069743611488646,0.8375094896298398,0.9527338820091339,0.8754335828998108,0.8354250418338018,0.9079724767894294,0.9149613844835928,0.8888482343086908,0.9417755793334914,0.7533286179149004,0.89147762179787,0.8407831605624634,0.9017251617026415,0.8954707534745181,1.0192131057754648,0.9249621539241555,0.9397228556196994,0.8881846364676945,0.9130591643382154,0.9283193536774514,0.8750462943488893,0.878700776504641,0.8409063390807845,0.9154736302224775,0.9140184728802622,0.8957990699970755,1.0549127717937032,1.00361247184093,0.8081578262780138,0.9639394536745947,1.070146828783016,1.0782051581893108,0.9026932676845423,1.0316114615792462,0.9118105784994109,0.8687214409656769,1.076908913195991,1.0161732970958552,0.9985545052163932,0.9950536759046837,1.0061190387673535,0.8854832082909975,0.8330776136788286,1.0866744954692116,0.9100533944253294,0.9423203487280062,1.0890598103363436,1.1369109320458755,0.8551792318488471,1.019037346919339,0.8881274681672162,1.0023496328658312,0.9734180715085253,1.0266628579178116,0.9339651442593317,0.45656420353783866,0.841560687242516,0.8066600196522579,0.762834067479024,1.0407704743287713
20241106-297-LMU-1,1.0435328314134429,1.112014957199082,1.0744172408390449,1.0639960417888228,1.0183623333767549,0.9296424021173546,0.8851068935789584,0.9126221802305527,0.8747277343153559,0.8625192316339872,0.9268377230224563,1.0427134112041951,0.8652434559926119,0.9828521782009814,0.9454194909373832,0.8571591213415333,0.9001465175070659,0.9179473353356544,0.8499950198804948,0.917849120691392,0.9217679086056334,0.8342766251311485,0.827835063321984,0.8464669929052302,0.7825573654175132,0.798166287565458,0.7918629183667547,0.9032173264587988,0.9450158875561572,0.8516544854323451,0.8935109137616034,0.8645596814922101,0.7833775621286436,0.8199473592148824,0.8106452280412729,0.8630915956394773,1.0675377424060906,0.812495318592625,1.1200060053798633,0.8683005885753876,0.8498643188436412,0.7800383199528723,0.895879378731394,0.8593400536279211,0.818596381152648,1.0492972038248705,0.9975508960747427,0.7978424454803553,0.8224174604669667,0.7849226634416372,1.0629407473405934,0.9694118616226555,0.7714473151339387,1.2354833049857594,0.951143869226839,0.7725789818138973,1.3037554538135752,1.0052107478510217,0.900934432233024,0.8747148908948885,0.8867190759313465,0.8034983307878547,0.8249243541066726,0.9381666973906551,0.8290119711157963,0.9492648528216278,0.850868836636673,0.9509288001950565,0.8912929998222003,0.8525588432993194,0.8862643285456936,0.8730704125459534,0.8406349368778433,0.9767357953481716,0.9726706673546761,0.9669030907391456,0.8757528511992871,0.8858999998497268,0.8919108655693723,0.9621269244188512,0.8485776337764718,0.9285251387512536,0.9004853736672273,0.9086963565447638,0.8515638889442292,0.8589398634400063,0.871292954799132,0.9721600142991,0.7019637306980967,1.2220290060981258,0.9726030104642845,1.1945196438205679,0.8826933478488348,1.1506375562081543,0.7921883274983279,1.0148584397478992,1.3254061425259744,0.9170440881112196,0.8231970865999869,0.9865435249335348,1.0015420282398846,0.8334180460577946,0.8841127524475604,0.9103950319784129,0.8882859866307411,1.1810285594681262,0.9508560781735624,0.884898055647796,0.9726416717844235,0.9318684996458015,0.7777050985239442,0.9196599044089971,0.8818486814953629,0.9424828609562107,0.8744014857258902,0.9990756292727968,0.8570543269914707,0.8441676340159665,0.8509437819879343,0.8689817645434722,0.9145933815045798,0.9879249768503129,1.0093528641400509,1.1457785423303277,0.8314705043309651,0.8923420050909516,1.1627993454864087,0.8603317153566898,0.8409690402324862,0.8611977162980267,0.8941373346094823,0.877867180905733,0.861362098418357,0.966375963661713,0.9423282476540125,0.9435252011136785,1.0091266011104258,0.9463338677935891,1.1779084549428047,0.9677951674692535,0.7777547752378297,1.0787320209086042,0.8081051260959379,0.7942246626535527,0.92481934049096,0.9370309159272566,0.9480605047167912,0.7945056587769683,0.9008019804000564,0.9563639866389224,1.0332531117011665,1.135120626063966,1.3268110294092095,1.1788156258301248,1.164963384169921,0.754136155952164
20241106-297-Dunn-3,0.8691726433811403,0.8301355523109357,0.8244149874823713,0.8174255404738086,0.9480114707218051,0.8817293122012565,0.8150192504010707,0.8722566376663965,0.8566489607865484,0.8560381628519538,1.012549106074015,0.9361187915295894,0.8445846385645488,0.9568498750570065,0.967156016313752,0.830761773162518,1.0454788390583283,0.8834150060360555,0.8124049444354331,1.0282036213320003,1.0257360634750456,0.9931558825983213,0.9385246502921213,1.0127586970779956,1.1039823556006667,0.9622812662902893,0.9510155535244589,1.050663729455505,1.01121908343437,0.9853102015153733,1.011032051994913,0.9891659691498266,0.9761882861637153,0.9715838877509482,0.9692603438689837,0.9372294846325516,1.0130529311636145,1.050758931746997,0.9902332314075618,0.9852062259075688,0.8775325807635003,0.9790031902955515,1.0315903511183688,0.9411768113691583,0.8135396599809952,0.798691945892419,0.8636536985517387,0.9015722334162921,0.9153081005168947,1.0244497463412856,0.7970099098509048,0.9012898954747041,1.0089899292749183,0.8347078195872782,1.036730130142063,1.0058835101310557,0.8787299517138606,0.9877641374825067,0.8646676028110335,1.0352520976656192,0.9488285319456354,0.998570991675345,0.9273419965979653,0.9313942283522844,0.9761692153604219,0.3958173277292751,0.9827955948944709,0.9177908430124911,0.8784925083465569,1.204317784342326,0.8907182123845468,0.8740470646210563,0.8679340803388917,0.9318536116401998,0.8905321378036767,0.8582277882581426,0.9394123050495252,0.9034472437531401,0.8182612148964001,0.9507678452542055,0.8904952487078057,0.8623109543859855,1.058057111173776,0.9657255297837256,0.8952155459962312,0.8950655955174044,0.8931685826713989,0.9480309104801414,0.9958520801178249,0.82783936119347,0.854813068156769,0.7731003662753387,1.024804176159394,0.8078921071198055,0.9378173665790426,0.9570389389216425,0.9393560145699277,0.8471324425780485,0.967231626136277,1.0378895009936402,0.9407360667887072,0.8542952806365642,0.8675834754390627,0.9377611368764899,0.9745740964302925,0.7772333052414384,0.9072880959242868,0.9104327120246765,0.9127555983302826,0.9163003121543857,0.7648758057721706,0.9050205144109276,0.8553730111600044,0.9298210097463664,0.9245880842553351,0.9630388505734372,0.8866813558372626,0.7961993198615149,0.8792975580208934,0.8689649477002783,0.8700073788734664,0.968365180600296,1.0191675004004295,1.024053808226866,0.7927247959330828,1.0839718783001724,1.2163513270694386,1.0861775987492397,0.913331960240658,1.0599068824443039,0.9908153884455896,0.9561148001032622,1.0346523731250896,0.9617926727827454,0.9277910388827678,0.9472588959769376,0.9822615235161242,0.956114387422798,0.8261293483050289,1.0427988456033683,0.907248173469084,0.9422351004989528,0.9880227495811871,0.8983596531627768,0.922025865728773,0.9564552249014012,0.9919751295076559,1.0531260969289034,0.9582291910464719,1.1130889019431098,0.9065233586812398,0.6805942771990899,0.8332368277654516,0.7816031881907336,0.7460443682273235,0.8970750166521213
20241106-297-LMU-13,0.888403819879619,0.9160522002875546,0.8956382517241697,0.8719565137006773,0.8642701026073902,0.846896162342581,0.8022097422250217,0.830708399080292,0.8870380273123103,0.8397667053874681,0.9680321651562082,1.3260738357670185,0.9234458146277099,0.9402261316016741,0.9410502454314282,0.882839786595064,0.9191827997329217,0.9487664823323099,0.9085653510643769,0.8595177611152949,0.850801330891835,0.7830691870261552,0.8145409274477082,0.8092940076097805,0.8730999264648149,0.7874241682063658,0.7815005784076263,0.9100349115234759,0.9868696199604148,0.8281855022279511,0.973624986496274,0.8434537316903465,0.9060112624083102,0.7829586207222656,0.8232683386052999,0.9011248982642608,1.2087618594795857,0.7790914462714962,1.0987930769936443,0.8388323744574275,0.8503685426666967,0.952824066674044,0.9927503884158857,0.8528522579829104,0.8373648059362288,0.9434342267906745,0.9360799806391097,0.8207978354138697,0.9274458443219115,0.8260235212077255,1.3103924848420239,0.9386598106538432,0.7606749882100176,1.1965466290647975,0.9150279595562801,0.8074506430716243,1.3882881290404685,1.0203811390710056,0.9508114661202682,0.9961668875636446,0.8926208685549533,0.853402962638921,0.8406091201045824,0.9143353939502608,0.83257133163228,0.6248131252479158,0.9124154927483068,0.8608012848877078,0.8223760703323459,1.0974846031425987,0.9249449731503194,0.7897171454466365,0.8490922676104097,1.0634238026096572,0.9575670396284706,0.7628584165171834,0.8391467702895454,0.7345359454940023,0.7090955109638006,0.9115104749350857,0.8538214508297061,0.8260499380902651,1.0128188424838012,0.8998067069742216,0.8737980309134301,0.8589799278316601,0.9564305367414184,0.8978410398097166,0.75623553133573,1.2113468820209836,0.9036927121161016,1.2336333713481746,0.9185473170931645,1.183048574752248,0.7308730047139561,1.0275004105140197,1.6033495511322584,0.8354630699149989,0.8001332226724427,1.092048460658273,0.9217680607950712,0.8842415173197766,0.8336895417650758,0.9192170409434931,0.8823885387864716,1.1591244569390602,0.9001737003460065,0.835361981130448,0.895353872410116,0.9072041242090915,0.8835314276287143,0.8804690964304334,0.8400960115758134,0.9028373177028296,0.9190792007973025,0.9093513761796796,0.8612173303422219,0.813373162908046,0.8985110552871476,0.8729064928853932,0.8776829954332696,0.8751510340650666,1.0532867504067034,1.3233573226328421,0.9019941745989394,0.9593151307143413,1.3314763910844256,0.9609708508775937,0.8916062260461579,0.8394248027867109,0.829555473001519,0.9358491804372125,0.8773649686559417,0.8844888271720565,0.9516771264028446,0.8490477836332302,1.074569928153429,0.9074591440805669,1.1990723193653325,0.9171026063508749,0.8100261129770733,1.0741802697434237,0.8982462866626909,0.8387292840820826,0.9198344047703952,0.8979906583212698,0.9504409295027865,0.866055675909292,0.9427421729171562,0.9643351394346623,0.948871872650352,1.046297480469311,1.267217834570655,1.3247819102730516,1.1791971576413542,0.7645261843085271
20241106-297-Dunn-18,0.9216357876331135,0.8480514376426734,0.8434422657814067,0.8277508547152305,0.9211507026441307,0.85088116979571,0.8491174517917,0.8448326896582924,0.785249925115295,0.8176382357608554,1.000414522868177,1.1070706627093512,0.7726680046770412,0.994675064081504,0.9892794980222345,0.7695608439800565,1.0686195520770796,0.9989275024068046,0.8942834135509835,1.073040491783035,1.1331785285161644,1.076021228329856,1.033683217336003,1.114611720122227,1.1578717540747623,1.0512036019158204,1.0606138913517804,1.1189956118291355,1.0665945496365659,1.0444764121703487,1.1166108745907763,1.040798587566089,0.9554906750006277,1.0413266906259357,1.0575104305925538,0.8994206294368849,0.9836956784635602,1.0915342244388864,1.0453912762261899,1.0395263784287718,0.995133966041135,0.8857863645019286,1.0092543095949191,0.9724572627680224,0.8253678900521422,1.0439013077662176,0.9152789038074213,0.959856719471331,0.9548553006560084,0.9645377255140773,0.7718840724098726,0.9457462567273669,0.9516520883475809,0.7464352416063362,1.0073683747159894,0.9463233665502543,0.952212873445791,1.011766279220441,0.9432148569917853,0.9998734389617326,0.851627821895132,0.979348280316074,0.9712854910631255,1.0024259653644856,0.9937624326425469,0.9366821587304993,0.7919751549607956,0.9009023930407809,0.8890842699032356,1.0064638551936327,0.9671838391654316,0.871865954648142,0.9068873707705887,1.0330029101093507,0.9352558583964629,0.944701977477853,0.9279960346177855,0.8203464319019317,0.9339647459939163,0.9625118215554328,0.8741820072658949,0.9313025522513524,1.1104073691292387,0.90731008820587,0.8629509233513621,0.85969717841705,0.8477244055575839,0.9916787233027089,0.9193521559921021,0.8877268860347904,0.7117965830922806,0.8011841965491773,0.8597906921140004,0.791034076205811,0.9433747363506794,0.9270947327945328,0.808119045699374,0.6834820577778131,0.9257956463399868,0.9415152688536116,0.7798481492394611,0.8572266116856869,0.9108165513449495,0.8413760605015101,0.7342028170861332,0.6961042690104462,0.7951574515578572,0.7531048932697859,0.8269127377145266,0.8737530958254288,0.7199566844627033,0.8200846168525237,0.7641737945746052,0.8242597036478202,0.7917534907050502,0.8488336370367812,0.8528698964815412,0.7733049989169781,0.8188726804743113,0.7750566338685313,0.7778763889768291,0.8021219801388834,1.0301086268131616,1.1444474723607503,0.9049920075419284,1.1421956269587914,0.9602809919267554,1.0562186830782416,0.9368375238022468,1.0952925970866574,0.978440560930217,0.9692531757483602,0.9884720822189773,1.0541212376775446,0.7652020230198776,0.8836092425911233,0.9352125768508831,0.9541110844537539,0.9352973467780381,1.1665229443188276,0.903890191346639,1.015291477118197,1.02253500185308,1.032257743971176,0.953799340778975,1.0402883160291838,1.0444363068851041,0.9660218234229586,1.0080012697240988,1.1143712846573701,0.9150587004938394,0.7107596954833338,0.8044685986814911,0.6375136196610282,0.717498330107459,1.0412641814432229
20241106-297-QC9,0.7728017368008022,0.7454908990471869,0.8107818240382344,0.7432114778608292,0.8973690981266018,0.8998626199434389,0.8998626199434389,0.8998626199434389,0.8998626199434389,0.8998626199434389,0.8998626199434389,1.051390853991413,0.8998626199434389,0.8998626199434389,0.8998626199434389,0.8725240522690526,0.9037563340200009,0.8998626199434389,0.9720860101950661,0.9389215125671188,0.9523428980527193,0.948495393527969,0.9142477442520632,0.8976419903269419,0.9807403141212016,0.9242845899260103,0.8998626199434389,0.9441910941360204,0.8998626199434389,0.9109301598023942,0.8998626199434389,0.9529077413987483,0.8998626199434389,0.9277408991788092,0.9134999869354433,0.9032779359933669,1.0481081644591757,0.8936031261882719,0.9110824614496639,0.9869202674827366,0.9615210781689225,0.9342006955481218,0.9373902391708672,0.8998626199434389,0.91522874019507,1.0161728019979532,0.8998626199434389,0.9161549564897495,0.9492684347574573,1.0026427412337842,0.9650044251238894,0.9473295963482662,1.0130416140483967,1.0077303961148312,0.8998626199434389,0.91127561828581,0.8902544877740269,0.903440999312818,0.8537941290077591,0.9470216549227869,0.911505314803302,0.9700235374050339,0.8998626199434389,0.9594551901832133,0.9466166188248268,0.7586915063751624,0.9263240868530741,0.8942793484598273,0.8998626199434389,1.1630192434230975,0.8998626199434389,0.9029659898928544,0.9299813169610276,0.9060816389861401,0.8998626199434389,0.8988250764860921,0.8998626199434389,0.8998626199434389,0.8998626199434389,0.9442905744122488,0.9454940220047634,0.8892936892622038,0.8998626199434389,0.9166391628240019,0.9363143608846171,0.9209203342037185,0.9253713226275744,0.9338791298994181,0.9168938107645321,1.207452711472125,0.8998626199434389,0.8998626199434389,1.02504085931408,0.9528333645140696,0.9240417135242898,0.9507977179578865,1.081945866485584,0.8998626199434389,0.9856663890475172,0.8337796626778207,0.8998626199434389,0.8998626199434389,0.8998626199434389,0.893101100517614,0.8998626199434389,0.9193607210583448,0.8998626199434389,0.8874308024997679,0.8998626199434389,0.8998626199434389,0.8998626199434389,0.8998626199434389,0.8998626199434389,0.8998626199434389,0.8998626199434389,0.8998626199434389,0.8998626199434389,0.8998626199434389,0.8866355780671893,0.8852826129313511,0.8998626199434389,0.8868963045381196,0.9671324611455199,1.0687321284828504,1.0343752554447148,1.0085074165626489,1.224924077848792,1.0415101466601655,0.9396859509557247,0.9868011031555859,0.9480159739494644,0.8753151932944857,1.0117312646957444,0.8780392667863506,0.9479100484082719,0.9614503688595645,0.9512393430391971,0.8997484709398159,1.1027638250448046,0.9132120782813032,0.8998626199434389,0.9133830958955238,0.9464670748941412,0.8866669721529646,0.8998626199434389,0.9609128506385622,0.9959084359709368,1.005434611384987,0.961365578495601,0.8689193775294132,0.8998626199434389,0.8998626199434389,0.8998626199434389,0.8353145920233164,0.996093901682083,0.9565044624741307
20241106-297-LMU-22,0.9689230757116647,0.9803375655069274,1.0044156565529758,0.9708092505730421,0.9577279016121019,0.9511394973883656,0.9005881485707159,0.902905903946187,0.9392900464812172,0.9340746831730607,0.9648181447934041,1.0074130039826525,0.9199615883325755,0.9436651582562616,0.9585876694557821,0.8167970485386495,0.8468766118793195,0.9105184967749358,0.7919928172838464,0.8639391616548893,0.8551135135544069,0.8223415361000412,0.8025062511722663,0.8527500083798865,0.8591977439221337,0.8121924136968903,0.8140055585479403,0.8108656901676152,0.9820988798461812,0.8065857915776387,0.8170000305179812,0.7706355282617288,0.7662596159574485,0.8254948679727376,0.8159193863958729,0.7943050709793138,1.0586130247878944,0.7679919416054155,1.0712253011487953,0.8444896188817596,0.8427538055487956,0.774718523787967,0.8558563137496229,0.8673593639568637,0.840910165896692,0.9545125436246716,0.9322292923887459,0.8309116568263477,0.7965226114068388,0.7805239004319557,1.1190315445335226,0.8780954455433706,0.8072803537697034,1.0869372198693112,0.8610416796943673,0.7675748075978943,1.2913840982891203,0.9742683310881884,0.8637170096201167,0.8798600878034493,0.8797974827754935,0.8281005802449594,0.8565133080248307,0.8458116034874582,0.8375934316874821,0.9235631925700013,0.9072946333565632,1.011301128704006,0.973321315823171,0.7812164966557887,0.8246946385368992,0.9418125208734347,0.9251568083405092,0.9695728294779036,0.9649896837515762,0.9465265920429786,0.9489694325772778,0.8847124903208023,1.0192361909864267,0.906701532067524,0.8938899921257599,0.9822959451631614,0.9114828464744013,0.8971775376349335,0.8697860645113842,0.9130058340135389,0.9067800662224157,0.902911689487697,0.7526498450359954,1.231005561506576,0.9601057253417791,1.2381629958746914,0.8039348793974012,1.3004817813625869,0.7936709209410556,0.9377814975106726,1.1957971694172915,0.9298891295282834,0.8510766234097827,1.0590103855607884,1.1128174407076865,0.9121791324815611,0.9443975321017682,0.9685322828423464,1.0190378136922844,1.1824405276659926,0.9505395089771814,1.0311888914378904,0.9935591047555206,0.9651300259995994,0.850657244246515,1.0258619008606618,0.9743031443136567,1.009117936409512,0.8830921047734984,1.0344744180929581,0.9236860061846212,0.9312364760553268,0.9250933379886307,0.9690177259441842,0.9321423576294688,1.0384691759741629,0.896227492353225,1.0724608398855662,0.7695819223267597,0.8990239962242953,0.9148188786798127,0.812165997261161,0.8101730730416266,0.762343974404295,0.8631094171954645,0.8388429775983032,0.935655587122128,0.9357973612352202,0.9870446067803195,1.0587640484777712,1.0881551239551295,1.001733536824903,0.9017967550152385,0.8667483845945432,0.7963933625753358,0.9760352936476571,0.8714639571681434,0.9426306029167958,0.8869421759242653,0.9217865856374541,0.888475506657727,0.8562748345780092,0.873330578460359,0.9669010929957143,1.054824234658382,1.0827868037507566,1.3825098614035933,1.2853953785320549,1.2968099097687869,0.7166629757348214
20241106-297-French-1,1.1505352933453499,1.275990097399291,1.1271253401332757,1.2165825666657675,1.0927086829931707,1.0613625445382115,0.9784475106247102,0.9725356087875681,1.1014738027702407,1.0338639346642826,0.8511988909416601,0.6932390574672288,1.0396636928562912,0.8439416696101083,0.8261065809942306,1.0350274862505597,0.6954803426906493,0.8448270822568319,1.2543809133622956,0.7697585394556032,0.7844403915739779,1.012123017860753,1.0223188735822983,1.0440673615045748,1.2041752177218223,1.0061982078014038,0.9788738806486675,0.9903438228271577,0.8520226570570087,0.9147469893201682,0.8144381079052723,0.966348462636283,0.8967185392682854,1.0266963745646767,0.985486762307254,0.9259837097226123,0.716144812695651,0.9155439225249212,0.738764172348635,0.9943292711026304,0.9912941202775238,0.8652291031858556,0.9230761720027897,0.8955036029746711,0.9917631017990288,0.7191752470621856,0.9374408744726088,0.916456883330304,0.8559142841637774,1.114838679382153,0.7397406346627795,0.899781640620058,1.1015390829825984,0.46545252301841944,0.847596905480085,1.0416771819662267,0.7826542130113264,0.9882152233141401,0.9378633431966016,0.8492655928106234,0.954840284648788,0.9708424698864747,0.8988945336119976,1.0833824104894778,0.9639395450119783,0.913490133372348,0.8609363651845863,0.8889292525291684,0.9220385022056212,0.877075863180463,0.9552731795283645,0.8967717165057935,0.9338111084819245,0.8564683521441668,0.941732802989263,0.8807160416984574,0.8916377170645718,0.8819029780625454,0.8995862192730294,0.8482764949952487,1.0281104436003903,0.9153325962584482,1.0062285659252979,0.9027574997856993,1.045784871598552,0.9222989849827125,0.8629079278944938,0.9459676698862176,1.0163595569747492,0.7513410163905229,1.0441846672075878,0.7722187264542568,0.8683811627686969,0.8054146396935338,0.9914913348353721,0.7885370813542961,0.7018523600862874,0.9308137210327604,1.0136046780623056,0.9099976806404668,1.0308064783427253,0.9942422041206662,0.9440143636402475,0.9870519682664854,0.9921315011928012,0.7451497902097203,0.9741945021105926,0.9509898455061148,0.9460341386382212,0.9836932330176231,0.9431181042414736,0.966291975396799,0.9061673325539713,0.9663765236184304,1.0244829923873975,0.9895601115309383,0.9907214457673796,0.8559357172320241,0.9952877133924511,0.9968447153598005,0.9977652565283036,0.9985816907535807,0.8411431832000245,0.7792167967824447,1.1017144581698053,1.0410067368207847,0.5946382110788833,1.099764924832754,0.9691738702422776,0.951946217538579,0.9882179763876647,0.9979331191934893,1.0877811764396388,0.9405788661529013,0.8483276277213891,0.7635385528909495,0.879145550854539,0.8848490305249668,0.7143739702035591,0.8295501178890076,1.0093979880653279,0.6831353830615122,1.0336627479291307,0.9493151461625681,0.9645444777817049,0.8909784008302711,0.8981238028267969,1.0980660265750595,0.9127871968606377,1.0674171910353065,0.9281148097649712,0.6544686727851278,0.6951212638377082,0.6973411671134153,0.7170606707418645,1.0337848638210825
20241106-297-LMU-4,1.1096531697289707,1.0199409964650419,0.9638693089856134,1.0386648017480542,0.9363458704711093,0.903854169082262,0.8732052222575389,0.8697142100328188,0.8196246581083453,0.8762468679933044,1.009636673233071,1.1653029835245392,0.8493020820707656,0.9549849533405452,0.9635723694756766,0.8840914182752132,0.8980950847121842,0.960124863616616,0.9208085165238831,0.8941238321677963,0.9360902765736012,0.8068159875395653,0.7993527692604268,0.8207538750015385,0.8524396742816163,0.8117141829993308,0.8047245659801872,0.7818191357555425,0.9422872212919262,0.7655124192370332,0.8789420415642655,0.8084620340936056,0.903620306453361,0.7979349566821129,0.7891750155293971,0.8288056513235493,1.0521859211947104,0.7580433567511321,1.0503122562082978,0.8319246627632033,0.8250046395577977,0.8056990381574697,0.971840210711007,0.8308245007629073,0.8070308366831137,0.7837015553365695,0.918511549651458,0.8323414239466592,0.8415703811744043,0.8213536346983478,1.1624902502130912,0.8348459532431883,0.7665029253004116,1.0798396643558303,0.8862922472478896,0.7622998281358059,1.0683971607366274,0.9714147790608597,0.9054161322141396,0.8943374489218266,0.6957311582183712,0.8969108061073747,0.8219213206513764,0.9246968120351754,0.8108740092955259,0.9885815205827055,0.896817854739778,0.9323609041302462,0.9513781337127756,0.8531457207724897,0.9545475437219648,0.9561176048544598,0.9832831606679283,1.0537286315453323,0.9264748786833253,0.9609526549973877,0.9134497153371721,0.8935581961582599,1.0410757135403952,0.9222673772804277,0.7949263320844013,0.9653291076435976,0.9063738320192795,0.9109862492632858,0.8205597245695992,0.9754506301469316,0.9746385635331556,0.952459038833094,0.7169339042304552,1.0607517925249808,0.8408386788651702,1.3963582193304922,0.8353106167633815,1.5124914639922122,0.8407889636938659,1.0772841105131494,1.3482327269903718,0.8219102318163918,0.9849785676332794,1.2420878032973575,0.9155896377258724,0.8231022710172922,1.007640737214356,0.8272399518840882,0.971167913693003,1.410799553101332,0.8462712700507269,0.9662071701429955,0.820461288653867,0.8904108399408517,0.7369449236199492,0.8895362158657938,0.8225192849009108,0.8830171830385238,0.8846244641413525,0.8957928455912918,0.897498950399571,0.8102112699818232,0.9140086049267527,0.9054916744026612,0.9037146880585742,0.911223023259672,1.0436442992779968,1.1791975962166341,0.9113624818276774,0.8637778276820333,0.9951573222936648,0.7719840942799951,0.8260664144602234,0.7917883841395904,0.8309796081114504,0.7608622103481624,0.8104683204937407,0.9574203208378996,1.0150752311860183,1.054768108816992,1.0868171135956348,0.9107067622004923,1.1047961096707646,0.9767208580648102,0.9046387914091004,1.0116645968432838,0.9151320438047418,0.9191713406116558,0.9041359815531806,0.8780273470816116,0.9552051141892275,0.7140191789017601,0.8685508348801887,0.9991788461252226,1.1101356381094416,1.176207311496911,1.3900361858885195,1.1205646753342104,1.3518917202045513,0.686302329983229
20241106-297-French-4,1.029329924731224,1.068471298283517,1.0092014956135837,1.0291903935751014,0.9916569465766502,0.9704033286989071,0.9324073217135073,0.909143106450267,1.0458510147650624,0.9428425354398001,0.7724164317568674,0.6837037709745775,0.9218721932171319,0.7765428091705862,0.7786727754362566,0.9541911229105632,0.7560284206740744,0.773332512782752,1.252903781295317,0.7823439935672049,0.8001150747943702,1.0109787139472433,1.0204422971555855,1.0271762153938488,1.131023101047565,1.0348591428885712,1.0266227470945501,0.8993387492358752,0.9369368094251678,0.8869536187406598,0.9630830668636498,0.9109755609430522,1.0859316493398419,1.0062768857720992,1.0306728434177137,0.9524423426186786,0.7757457235938812,1.0172436773595783,0.7947216486481716,0.9841066561994419,0.9972467758505289,0.8346514452706818,0.9929552807977625,0.8837864518892156,0.9939980437749191,0.9029053645713467,0.941632229794604,0.8764789980359036,0.8870188361807926,1.120283633001258,0.8277911923083188,0.8851944602190899,1.0926692655703236,0.7734996347215358,0.8724948678079588,1.085746754840323,0.8427367225621101,0.9201317289845695,0.96831372660502,0.905888961242363,1.0105127663491142,0.9520396198490827,0.8922147671505293,1.2028857821794097,0.8668965519514279,0.8936792238531736,0.89196405977956,0.8118160035303024,0.8137386736505667,0.794966862792878,0.9832969220995076,0.8153711340580003,0.8147935329943753,0.8015120959545949,0.9581352477096253,0.7695260057033126,0.8726924182489166,0.8362705479830178,0.717031347982401,0.853582573384604,0.9984658239688662,0.8292515984255252,1.0227633267982867,0.8206184853271687,1.1066120022351802,0.8513099763952899,0.9655744502351057,0.8865192832446056,1.0018818098291788,0.7431270463533277,1.0278482069225765,0.7590818811705227,0.9959739996672023,0.747439176730558,1.0314524258013296,0.7200579735297243,0.8021413809970731,0.9602276639772794,1.115931136687641,0.9900918319068386,1.050066472778221,1.0322840196141583,0.8654816310705677,0.9869822619734451,0.9326466695594817,0.7241010084939979,0.9533029675071001,0.9137612041174835,0.9594403756704444,1.071702480407263,0.8161754181185394,0.9800408732725381,0.9429201027695988,0.9855166887213047,0.9941984124871559,0.9933067245385334,0.9273381353147065,0.7808678307262893,0.9574536176192872,1.0431457686527308,0.9673145705002817,0.9918626382712908,0.8384097233410903,0.7576655884622318,1.2067661572890767,0.9661541088479798,1.134442319657977,1.0477356013239763,0.9576842482665362,1.011004855832383,0.9893494740626387,1.0234655708001132,0.9384075979277179,0.8676248841165839,0.8476670083198171,0.7619505130558538,0.8706465524866549,0.8089767244845791,0.8583682814589922,0.858486115611704,1.1403682126176542,0.7897531459645364,0.9386568592530072,0.9311928887271115,0.9530122286336253,0.9387279752184977,1.0460320894520472,1.132617375121725,0.9215099976942481,0.9494343396775252,0.8407177162957276,0.7088234841737319,0.6619812204356832,1.1947394688106607,0.7041210419171241,1.1110106236440427
20241106-297-Dunn-16,0.6198654553091024,0.627945624756933,0.5828799761850119,0.6004899962989063,1.0141606629433455,0.972103681751032,0.8848084677355643,0.903056509911287,1.0137777507231924,0.9668791652878824,0.9503585242683406,1.055085327542072,1.0008537521527854,0.9140645937055405,0.8868690550856902,1.0555387510596088,1.016683628438254,0.9171665014646606,0.9237652862344025,1.036267744286694,1.0972494126015897,0.9570633559935057,0.8856609495343646,0.9070687016550602,1.075154886519148,0.9619726718205093,0.8893590438589767,0.9438844859961023,1.103544992910695,0.8960113879755383,0.9994451655889476,0.9388101304526546,1.1258319736784603,0.9520989015193234,0.930879596584563,0.8397765424481769,1.0370934599452408,0.9894532265410926,0.94653878833573,0.880401916105061,0.9146276963872457,0.975674947010153,1.086416489948708,0.8822156911149303,0.7931147984199775,0.9157174321078632,0.8854839409772332,0.8554522815670853,0.8931954133094027,0.9297157754999055,0.9412759487610483,0.8368798847029495,0.8978417221724398,0.7898508814859712,0.8267643711793761,0.8911195108828036,1.0944730712388238,1.125777986421194,0.8841747648583629,1.030793768224303,0.8849341493106859,0.9355918669998993,0.8820878001790741,0.9545270524447954,0.8589637051827911,0.8923982243685131,0.8403277236004238,0.7774225987494644,0.7939135032884966,1.2043863965004573,0.8965053976486949,0.7813857265830692,0.8219476236769901,1.0186434457043902,0.917132155768364,0.7290961795592558,0.9323608660147955,0.7892261889739386,0.7229720634491443,0.8666073142922954,0.8213425991647458,0.8180778141939962,1.0678446028149562,0.8291574699347123,0.7732837808630523,0.8176047549055427,0.9454574591867015,0.8841047223980198,0.893008285285392,0.7521479091507106,1.0376338979096664,0.8170581147761266,0.950289927193405,0.8488571369933475,0.8648295931881512,0.7705201344965668,0.7299201147384189,0.9784194737033628,1.0097920900207487,1.0303900777410437,1.1758686152264237,0.8059125267144076,0.82416562260447,1.0020682045134264,0.9663928164356644,0.7831986918595533,1.0295262460181844,0.8940894718489744,1.0350335284423742,1.1076473624747807,0.9741499449043923,1.105759926662339,1.063498245228214,1.0775075474115996,1.0512784722268536,1.1194168290417594,1.0248519756363188,0.8418212974228197,1.0029176699922395,1.0005181369817753,1.0310124456677505,1.0614154695265852,0.9642464362537682,0.9852870684078245,0.9553027350431037,0.9810515273641909,1.1486223545076297,1.1135007502989296,0.8455730881758745,1.0468720259680113,0.8585000635806764,0.8422017694110302,0.9666652908037557,0.9864281155286172,0.9848518824118676,0.9503249068421826,0.9602292832912424,0.8162750970498512,0.9901842861412197,1.13881692324234,0.9766085001947414,0.9264446242323744,0.9408131258237125,0.9347016890036408,0.9160452844781468,0.9964737553654242,0.8940549238794046,0.9460173240421935,0.9738320989573507,0.9620989677208591,1.047301578445632,0.6552328136236727,0.8275192223858002,0.6915929062464415,0.7567476507826701,0.9391600799419054
20241106-297-LMU-15,1.3077886225621755,1.3827180121094373,1.2092529490005266,1.3292878213086212,0.9787181827354984,0.9369629723834909,0.8822325659353211,0.8547007799989628,0.8201230049692247,0.8697597044363597,0.9792022003107815,1.1200588047104403,0.8898649545753069,0.995374127271598,0.9439315106486151,0.9258940240515082,0.9008423781758143,0.9666026304901539,0.9222657607638703,0.9226048436020309,0.9579447879983654,0.8008612735756498,0.7697394636925485,0.7966453975889084,0.847568215527426,0.8083537986711472,0.7722685369046515,0.8030902035171672,0.9690188596084489,0.776252801207649,0.9002623040388739,0.8270593179282956,1.0360081699848778,0.8161891859486975,0.7591928183002907,0.8314501890553048,1.0541419848554734,0.7687361088567403,1.088915951341635,0.8495778767361749,0.8403989552789325,0.7576787686286994,0.9887828823210754,0.7806545527053932,0.7683700876808249,0.9721193897585372,0.8966899593311798,0.7118538308270194,0.8233484499797252,0.7732778478316034,1.0533036669047353,0.7930524764276714,0.7491761481741669,1.1804916310299138,0.8744432032134215,0.7407938572780135,1.277887658583834,1.1361762784797973,0.92412727678515,0.9086369261253392,0.7412118769271552,0.7606231713717017,0.7840736091519123,1.017452136087444,0.7803484207144868,1.1054554033190536,0.8479405713272573,0.9182770304231834,0.8875038341878078,1.05225418594655,0.946711057745397,0.8782938081304364,0.870902223241273,0.9383948034754511,0.9153404818241921,0.9267225977354512,0.9027039791694329,0.8844529150658822,0.9575925909196036,0.8909260433287244,0.7774776650939499,0.8975096558350019,0.8359446093540152,0.8428535470261022,0.7518451342711305,0.7769173112924731,0.8605139424067524,0.8601135979907375,0.7166271526562968,1.1162355287845778,0.8587906416230661,1.2727166423400158,0.7935056376112943,1.3206183808706984,0.8058007929059087,0.8683657963475763,1.0665439880522918,0.8210020101145779,0.8827422810258648,1.0350508390862374,0.9846695103167306,0.8152946131188225,0.9084925934160412,0.8979407377759048,0.8537491379147614,1.248075093585273,0.9359176365209335,0.8177221302379257,0.9340889126917667,1.0603727233127795,0.8284942077145302,0.9612624561312666,0.9565210068816317,0.9833435955010046,0.9439816848751879,0.9143217932994653,0.918055661589348,0.8065145927148804,0.9183959683409776,0.9217200836602071,0.9127696485798409,0.8813833919306447,0.9813244305952091,1.1803902966413897,0.9502336059742532,0.8620353321398461,1.233278786985293,0.8111983348156862,0.8330166892026115,0.7755119557001068,0.860055318413598,0.8913755582669334,0.7399256817716954,0.9839634030130227,0.8992982210740227,0.9273894728447549,0.9863022631859635,0.9328195504196114,0.924795606355537,0.9916329721637822,1.0666704311821287,1.018745413711771,0.790470929212211,0.8691085571814331,0.9258445287303806,0.8921632396975199,0.9650199159805842,0.7757447471581047,0.9489471672940076,0.9698034275487379,1.081785043779262,1.3174190927688507,1.274535316551436,1.1400320987548078,1.2701289499260229,0.82314920206137
20241106-297-French-22,1.2313312627111566,1.2865891986447626,1.171642208492276,1.2678620872348652,1.000326993204741,1.0241659145659054,0.9370960474638796,0.936154606871655,0.9371680112374601,0.9202120514525302,0.8204811386859514,0.6230195008114466,0.90749720016126,0.8107018724006655,0.780468869716926,0.9536022294635197,0.7447783629284482,0.7909598615980198,1.20177016707518,0.7258565666898268,0.7739881603315886,1.0243793383310862,1.0495907570424605,1.037791809405207,1.1813997881882818,1.0579521892688089,1.0291860954912788,0.9641172078880367,0.857808286796997,0.9307793575725455,0.8028884975167787,1.0157609968965047,0.9098317018330059,1.0053557603984038,1.0250939408079403,0.9682327044243024,0.7537098992013657,1.034352544793056,0.7645880644457169,1.0463906090602002,1.0080706531497399,0.7767617913791838,0.950521843635679,0.9002360305279216,1.0614995504593923,0.8798989776834268,0.955557598176068,0.8643488956175709,0.9268095644438421,1.0690462097709648,0.6433554001050231,0.9185952084749544,1.0863917270017815,0.6809612436388227,0.9494234109677757,1.06248184854217,0.8102233761999668,1.0374657261838538,0.9153379268840887,0.8555715456355317,1.0428932386401115,0.9785394031257687,0.9178942174839732,1.0821263194666548,0.9336999629065873,0.8059135575106805,0.8853325441793342,0.9529094296289788,0.9709832654084178,0.8453106431241241,0.9794844348770898,0.9675636041528444,0.9566202767230365,0.8226264378886728,1.0395756391837372,0.9682535954761539,0.9066284152818598,0.9366642323568288,0.9428515432787158,0.8965049946487801,1.022688124883148,0.9078226529399851,1.1014829437053804,0.8560825318598027,1.0230775726751262,0.8395255272641245,0.8985775573389055,0.9684056581109699,1.0707805137654183,0.6159881803073961,1.0046458952375652,0.7118441241071903,0.8652564341374802,0.6454567754348554,1.0085565458076386,0.6837527005516381,0.592622453577462,0.9586915528033338,0.9936749579665318,0.7803981801754662,1.0093730210270542,1.0725729650426874,0.9578595769702061,0.9605413595468187,0.9793990589807559,0.683786092595933,0.9346096226237925,0.9427395026587887,0.9501758035447511,1.0175621766694778,0.7687951570822605,1.0148775574530096,0.9365463723421159,1.0225298607536248,1.0581967460188975,1.0174568677773774,0.9176383203220215,0.8279988301468563,0.956621720479959,0.914571398749305,0.901038720962697,0.9940357739360564,0.8667291676384317,0.6980223964078701,1.139767176316221,1.0453149303003213,1.336304412731861,1.055603751534618,1.0463750512566796,0.9217732824746097,1.0568252602257724,1.029668585433895,1.0559726652341954,0.9209999725738828,0.6807923189290034,0.8224878865314756,0.8084797877094506,0.8781375593220693,0.6123363870988197,0.8514634306714074,1.041574609128541,0.7857211498539355,1.0138035244218475,1.0149046658564256,0.9355948834533673,0.9503155892265993,0.9022051088689048,1.0689349383140407,0.8340563429806034,1.0210610929577533,0.9022230107060205,0.531991812396626,0.7247920068418008,0.6620908439758019,0.6616822262834754,1.0322061978017039
20241106-297-LMU-16,1.1947908079376108,1.2089150815163774,1.0480032095452645,1.159005912864427,0.8915817986959818,0.8405981860073604,0.8042123362042121,0.8464292663190218,0.8529732902965037,0.8530007671995387,0.953005946730021,1.2526555288170724,0.8401512184264263,0.9394987075024831,0.9275028705626959,0.8028698138995027,0.8738978394947071,0.9478916660525493,0.9748381931660938,0.9600707242443284,0.942570256347342,0.8143088580665494,0.830170705766539,0.8319999268437779,0.9455078092948771,0.8206189275625383,0.8214912310480047,0.8523692772512329,0.8105413538555301,0.820765418057557,0.8092223318409891,0.9140784594866,1.043575281524861,0.8022810673355276,0.8074268504681716,0.895010172148064,1.1241189109323213,0.788964242016386,1.1692262783485607,0.8319854549005882,0.8802173708038109,0.8809503601554852,1.0076494187608678,0.8073851742688309,0.8312176610035418,0.8754708984310458,0.9278075802736176,0.7627560887744999,0.8803323384381055,0.8265284309435023,1.225494578731455,0.9042906769297363,0.8027713587268213,0.9995720221793702,0.9412666159664074,0.8079863087623511,1.288017419943063,0.9892111885007278,0.9664545591637922,0.9126328560642643,0.9106158137654425,0.8664974185972258,0.8320509210331535,1.1116008410178708,0.8020714472228188,0.9484757183803648,0.858198308499507,0.8997955265872527,0.878622787394762,0.9550383479152085,0.9366000266438638,0.8924393935412455,0.8260999111043089,0.9880816907481272,0.9459735004582656,0.8061082719342147,0.9689134047503825,0.9252865523108962,0.7727152535341705,0.9566944956581104,0.8077796052128894,0.844399848106536,0.982455494349256,0.9026653951030693,0.8839161725880583,0.8554169148305008,0.9618216825913269,0.9676817858380442,0.7718044627016597,1.371661039261829,0.8513929209708839,1.3638792161326603,0.7980123843004593,1.335346986873019,0.9291075805936608,0.8173140740189223,1.2862202659779605,0.810095890067744,0.9315033281153152,1.0494194561409051,0.8571194479460228,0.8585336767379904,0.8807314566204654,0.781901678775805,0.8139491981877779,1.2770576243827014,0.8061581780672314,0.4307902812763623,0.8360179767283182,0.8385998827073294,0.749979136782924,0.8731348678512624,0.8275057669973184,0.8804542468990763,0.8607438384319633,0.8861968701487339,0.8439328813416829,0.7584704218137831,0.8575760090435266,0.8959217137466576,0.8637731094499863,0.8388893033156969,1.0235785461110463,1.238482376604677,0.9847717015914822,0.9581972667718933,1.0711335491477731,0.8568715870132284,0.8748349840084259,0.7987488047156657,0.8686083418961986,0.9622264872017069,0.8686296874267561,0.8978524001448693,0.8928109603584506,0.9988007382901859,0.9953107316058651,0.9411892471348074,0.6946309833454127,0.9497470935606005,0.9769799979992392,1.149896111431826,0.833464943081882,0.7981037752080039,0.9431630947791081,1.005410435567404,0.950929385868878,0.8267764170669895,0.9279164200153222,0.9303403353716573,1.0532721642728076,1.2835661295872776,1.4120399970034514,1.3106236569207805,1.227575099945782,0.7944515201425125
20241106-297-French-23,1.1801856311761842,1.2021194871485206,1.0648749737589427,1.128629320753319,1.0789040011536342,1.0457390580183015,0.9667256909718257,0.9487770135556675,0.9098808818192016,0.9875730387144264,0.8423151407375706,0.7407633212720673,0.9009294758124082,0.8173962550677316,0.8217788053252231,0.9475013619294016,0.8049610848534932,0.8204275512225429,1.2191617796759444,0.8351056120856674,0.8369147758789789,1.019570667224068,1.0105871149601333,1.0012654227473088,1.156149994833236,1.005803580782242,1.0147820208298513,0.9937291245608474,0.8906430310923602,0.9504401277358894,0.9412886158539658,0.9793468502839068,1.0648390330123114,1.026977776589365,1.024593976740148,0.9590636682111235,0.7589379783547446,0.9850533027974646,0.7445823912033323,1.0378036253737504,1.0424435069712896,0.8361206787269886,0.978312534036444,0.977091965351504,1.0730252901866324,0.8385736980313213,0.9977711785668336,0.9623482752248738,0.9089091091558115,1.086977567010309,0.725627724794903,0.9790988568007623,1.0703658735345136,0.7361309124688473,0.8998969491151277,1.0710301070232553,0.8267357254852752,0.851766938991689,1.0340177546511762,0.9436153900414718,1.0487237542630583,0.9663409417582602,0.9600582450435923,1.3046905305272591,0.9455238301408598,0.6387473463562838,0.8871040470558103,0.9044563966456798,0.8979797058488995,0.9105877433059887,0.9592866509174122,0.9102848502481168,0.9208497686197733,0.8572353644981261,0.9735143856770905,0.8656158138989457,0.9587937721921825,0.8867656250287751,0.9128097423391116,0.8921594966801605,1.0609752452008818,0.9226684146045864,1.0477608968676182,0.8462560278688603,1.0450792687927866,0.8732828127238002,0.8774126583875972,0.9355676702402299,1.04812611236049,0.6476256503195973,0.9817714348003466,0.6676718797601939,0.9596953491150041,0.6789111581108153,1.04035657678517,0.7183472763563714,0.6983460920104364,0.9063048888763362,1.038939971610935,0.7908818229806139,1.0523003302842384,1.0179080154767022,0.913142490258145,0.8937187367935315,0.9600992387247572,0.6929654080369514,0.8944975395986551,0.6945774493197939,0.8953730995494117,0.9815888447089498,0.8555648182562866,0.9616776983947452,0.9079622612218466,0.9628173284478361,0.8867516024014644,0.9641281983413111,0.8667044575376869,0.8757282874083216,0.9079894032490278,0.9103915350138253,0.9264604146205845,0.9266247011529238,0.8970184348649622,0.7725284580215596,1.2459627145040115,1.0318134219154342,1.0511540896136984,1.0100880712143314,0.9965160660564739,1.009047959416656,1.0644266145724866,1.0404256173666357,0.8554276947507178,0.9354045854648028,0.7649450033794236,0.717456338656207,0.790817838270741,0.9125222188759397,0.2964210876814131,0.8594346836518685,1.1688300754750356,0.73812440318097,0.9972358321551372,0.9768236385141615,1.044916850097862,1.004153384109996,1.0490311610767085,1.1406838768179184,0.868939862547406,0.967218157914735,0.9399415654152464,0.4971634219732906,0.8311190470627942,0.7925094380879943,0.7666410209672844,0.9110792471409238
20241106-297-LMU-18,0.9152522958449684,1.0009029044911182,0.909231259805831,0.9893891609333463,1.0756878019326679,1.0339297899248798,0.9003792843634856,0.9662676606689365,0.9570890541162883,0.9779284903789567,0.9479980590348633,1.0540408182316372,0.9888320343534107,0.8944096382800149,0.8867587192113888,1.0185677495440302,0.818734504646985,0.8863496491760257,0.9231805090427129,0.8225177094882311,0.8679543858087839,0.7227627865848067,0.756777772518997,0.7155450811623589,0.8005596805157075,0.7130665052512909,0.7043054310841267,0.798546372514994,0.875931003332201,0.7831773344822528,0.8206105981678058,0.7946632805538576,0.8706083699262872,0.7437815030616873,0.7016325993598098,0.7642300281175931,1.0177234452332562,0.743141030637102,1.0264189867356595,0.787337701716353,0.7549438210571682,0.8103113122343161,1.001219247635222,0.8252465657916292,0.8294637020256846,0.9047786183998215,0.9324361930603491,0.8015773255016186,0.7602334388480995,0.7416253128767716,1.2235046421710822,0.8097937001932799,0.7551619770501427,1.036392292360935,0.8088505243657405,0.7198343474737712,1.2176541005422301,1.3403944291822405,0.9589512733502384,0.8540370861126517,0.8370242596257368,0.8084736864366815,0.8334256705158981,0.9481823488298826,0.8147910671055709,0.8281358629634384,0.9118804180901646,0.978478959031189,1.0257206906741745,1.0724495277804469,0.9297095096275759,1.0105836720515182,0.9580975745744644,0.9899764120173549,0.9299676701721858,0.9232866730820888,0.8854825238215331,0.9058023297937553,1.0043615072730687,0.8302348198075448,0.8055678380723061,0.9712451103116166,0.7511769343177425,0.7980085663723705,0.7994681055063798,0.8969696839983047,1.0177591109396666,0.9094482047300414,0.7085415752479025,1.1972049476296305,1.065060595154135,1.3343057161754295,0.7180544982987832,1.2949651596563296,0.791174716341114,0.990639279923098,1.07316368686953,1.0198316675515025,0.9066308603891176,1.0087696257145533,1.1797627415975078,0.841206462247378,1.0108026147051372,0.9794589616599298,0.9284937845953422,1.3383966945181924,1.0030004885343038,0.9790391799581705,1.0020798989750352,1.0036893162929357,0.9537612416155083,1.0873200257596525,1.007702542414643,1.0594109045957583,1.0821001591123598,1.0755070039908161,1.0381736119681406,0.9759745042354985,1.0745205637959458,1.065989060185632,1.0743086645870392,1.00619618242938,1.0090843815376285,0.9911197370072904,0.9067490121483328,0.836953462839404,0.605648402522426,0.8085860706228605,0.7887607410321663,0.7382199056029504,0.7853449662800863,0.7860974816477881,0.9244891175909087,0.9945713096789283,0.9683200675038651,1.0252968420847892,0.997308795356774,0.9462930278138632,1.0016271322288668,0.8973291972118476,0.937376274024564,0.9596552608757835,0.8483226722959961,0.8563390863886078,0.9281866064981517,0.801601408367975,0.8421351451608146,0.7087685930382812,0.909712638033668,0.9246565093132326,1.045476176279096,0.9496186221924652,1.4047258810446277,1.3276970003628992,1.1888026981433784,0.8298347612698131
20241106-297-Dunn-22,0.9136777893014153,0.9022991270761441,0.854321577169342,0.8917510595958382,0.9306552760836369,0.8481130099046053,0.8448696142910427,0.8358480882875746,0.8465560677016489,0.8233868731938434,0.9927646402200152,0.9585004454838951,0.8332157516983608,0.9782268095217367,0.9791984854718266,0.823091815705708,1.099707889790689,1.0000081744346265,0.9424796417573372,1.0979018732068158,1.1312680531662667,0.9822315107048009,0.9891380391799279,1.020614451815231,1.0809758501031737,0.9899797833450231,0.9518954177875957,1.031223689771663,1.0449053457172774,0.9314154927214836,1.0417273602108712,0.9838948291027433,1.1701734026857442,0.9958929219151146,1.0203224888891043,0.7923653297223168,0.9985512151635986,1.0268372473756868,0.9351221335661494,0.8644223438747367,0.8918181647169038,0.9715621491053144,1.1318468031438897,0.9131286036295332,0.8075294515166813,0.9337272842371813,0.867934022526851,0.9123799270658203,0.8995524872711654,0.9244190713732033,0.8840288877230835,0.9751361426867883,0.934760991696164,0.8518363014016683,0.8882726039814752,0.9215252041493112,0.8951354697617891,1.319053333403919,0.9134019429682892,0.9749057710364398,0.8177181385052552,0.9721074353124484,0.9132355111062251,0.9961503688795992,0.9423277348380289,0.9530625573270641,0.9291131116073204,0.8213838947546718,0.8657792818449261,1.052787463960998,0.8860750924079727,0.8681325067422746,0.8226966627964041,0.9964029786010863,0.8986335033363897,0.8233262628059517,0.9178700720882169,0.8861778953340773,0.7991340752848916,0.9390116999730701,0.7828787599952549,0.8444646172985099,0.9844912560677246,0.9686991530038318,0.8500369992306248,0.8722281608852799,0.8381431472217483,0.9795975771493669,0.9344854285343087,0.8420335377696666,0.8361329403546033,0.83239190638544,0.8953241071213256,0.8065322883303427,0.9918883918171016,0.7482102346292601,0.775655765896924,0.8310179804998666,0.9759796983736588,0.9935829715690686,0.9316893425338708,0.8060911938357547,0.8809699631088859,0.8313733298433055,0.8228503462909846,0.7968848387318103,0.815797497144623,0.8847281085314413,0.8237351293575316,0.8435113775811817,0.7332998129490438,0.8885140925649944,0.8332821700716776,0.903257313705223,0.884586169646653,0.9049180249550981,0.8710165598870859,0.7961470634464951,0.8999614705176965,0.892712757525606,0.8693038008938766,0.855924785760133,1.0940358042795097,1.0644203716438574,0.9164638265252921,0.9890668447043955,1.5243883435065113,1.0793619571983055,0.8594623336179266,1.0865270121783666,0.9299594866498732,0.8388388101784391,0.9908248156258538,1.033501064069175,0.9933350867698024,0.9163810101881535,0.9658241217059461,0.7935533363422387,0.973989969258008,1.0794823638076028,1.0252850947112098,0.9714456175259821,1.103371006878817,0.9444536030875029,0.8480079123536708,0.9469664666594295,0.9859083870090846,0.9135103650559353,0.9856995105899719,1.0339211822437355,0.9606339637243548,0.8540312282786959,0.8221028378670809,0.8736682482061705,0.7989672618116265,0.9439544658295943
20241106-297-French-26,1.1552964335836418,1.092965154873832,1.053339352238523,1.1335930841280633,1.065876396486152,0.9911780278902956,0.96412637266692,0.9744360759229662,0.8732391329170329,0.9534913383598106,0.8006711860496363,0.6544458611715412,0.8954492420431992,0.7899762812528902,0.8269327867795011,0.9275992899434741,0.715140026249061,0.831710974613746,1.1184775227899113,0.7594877369573152,0.7645413320524777,1.0147236584921269,0.991791672534918,1.007775642435813,1.1138161503938548,1.0272767463639085,0.9766085734291701,0.8981227464136966,0.7414638237591676,0.8455415517038484,0.7583311773423206,0.89639368552503,0.7938918744334064,1.0095724573685971,1.0254684045377418,0.9578176083285193,0.7605099913297105,0.9590617573835949,0.7902949749373127,1.0364741852966084,1.0315210956430405,0.8664156890482474,1.0063313258167734,1.0423082993756099,1.0407150298498868,0.8602998493459525,0.9182663721131787,0.867473745887582,0.8768571865971477,1.1761776049713868,0.7356531911170926,0.9674171282131195,1.172377507861029,0.7941241327663907,0.8541362695851846,1.1260310257416073,0.6987479987620336,0.6281961098814519,0.9963676927813451,0.9057851920497088,1.0033269029613843,1.0202164388447066,0.9446661470048306,1.1307810115873544,1.0245892087515902,1.1376987071204967,0.9440972892428214,0.9559342428654489,0.9390603168968871,0.9321511620820944,0.9184102706540412,0.9602481983605867,0.9314892513873739,0.8779985052029674,1.0285490211464137,0.9656319716798913,0.914842286631126,0.9346054632682298,0.896633308778095,0.8919099586032622,1.0491067273511938,1.01355542664587,1.0946262334661476,0.9311091501434736,1.0695191289147166,0.9386027771885938,0.9747524539415569,0.9648414278365225,1.0854170200204838,0.5375736802728585,0.9547584762979949,0.6723879560869828,0.8915902266528596,0.6205471072067782,0.9562088104896079,0.8103445952500833,0.6513681953388687,0.931520673135126,1.0103684274489255,0.7687124973828838,0.9494276879413397,1.0861149186184307,0.969598455761394,0.896064306804211,1.0242463396745116,0.6453238877689633,0.9086514185440259,0.9463294755954547,0.919957181009737,1.0366256311147721,0.7779423693981973,1.0124418645158109,0.9948171210874837,1.0569896666195928,0.967803359412132,0.9825157011441301,0.9651996755631631,0.9213645191290639,0.9750194232720001,0.9846186919171295,0.9704726060751846,0.9506732704752993,0.8569451400403079,0.6928976208097124,1.23166558352208,0.9263636760325923,0.5817095907092142,1.0932225349740199,0.9878687173042592,0.9321195823954883,1.032169679979028,1.122033056947469,1.0214311093326802,0.914867700919228,0.778669866370677,0.8188955114932536,0.8820022244657145,0.9779092587079304,0.8921570292373587,0.7690064281472726,1.0243759675461928,0.7403630712064208,1.0752182884895936,1.0449740976318111,0.9563239727821359,0.9639779980231737,0.9908517331554862,1.1371308440344827,0.9357687083162161,1.0113883899492315,0.8436292330438916,0.5610745810680091,0.7650398092814342,0.7464544167901366,0.7712370030802147,0.9744821689590112
20241106-297-Dunn-27,0.30305050661173066,0.30009351806738455,0.3165500235073518,0.30369664913827943,0.8932950433280694,0.840921562482381,0.8099340840196805,0.835727345836074,1.101078251402391,1.0312785441807346,0.9943607941213056,0.9979268519408045,1.1637432306512696,0.9755749182425911,0.976494110468964,1.1995236309979886,0.9604092781545178,0.9873763749394291,0.823793715820476,1.0320006122040821,1.0614507356489045,0.9342894411116456,0.9500495480454769,0.9709335907293769,1.048285547331894,0.9609308548531604,0.9198874008292397,0.9539384593029743,0.8392741485376961,0.9159985084849458,0.7643612472732833,0.9308123400960084,1.0266564824222033,0.9431550902195855,0.9868139969655213,0.8387374866303499,0.936443451256829,0.9504005509933022,0.9252608883095984,0.882062784348901,0.8532692064373338,0.8591915670704527,0.9651285218147475,0.9028651328474726,0.7597394661841822,0.9441301315853825,0.8226932421500668,0.9085365430038531,0.8333423775606152,0.9446933778406982,0.8577270566096049,0.8586608194256762,0.934200742263044,0.7752363663269025,0.7840956907660813,0.9157270889960427,0.7917810659087667,1.0911812123264626,0.8154842230524106,0.9208661477619097,0.8086137237297594,0.9685963594232533,0.9055403402617799,0.9321365531356511,0.9446115413070273,0.9905623208201574,0.88114787948902,0.8697846126222739,0.8993521242495665,0.8810167074110136,0.8272995301670747,0.8709010090971806,0.8749340474254527,0.8776403796422892,0.8367974858179628,0.8824299625369247,0.9445718177944354,0.8793114988166405,0.882470792120631,0.8832549146647506,0.8166216328586796,0.952994500443567,0.8707751860662739,0.8723407835880891,0.836701820945654,0.9220528605691262,0.941361517474868,0.9289859466499273,0.9151499963146933,0.7980111725861377,1.2769782897540563,0.7611253401234254,0.8482076891736596,0.7569241581472642,0.9032385295932003,0.7722634478651317,0.715859283900952,1.2256807336336093,0.9392388525846407,0.8432925189160376,1.3497145014533365,0.808468246666371,0.9262171789581615,1.0884621991857912,1.1605795145168722,0.7356665624121491,1.1508931983286392,1.2764397969693955,1.2368824949485846,1.2322562436318405,1.0713317930395534,1.275459571684252,1.243036172279706,1.24319605895648,1.311871622894252,1.281985566498905,1.2774717232122212,1.0141088918880963,1.2533483595620347,1.2758738064741848,1.244176368029964,1.186447892943742,1.0122828211040396,1.0257721604087389,0.8298742259886996,0.9195271845372518,0.8372659781959945,1.0509500817320236,0.824003674842755,0.9359207348294665,0.7698551679681678,0.7877954386215523,0.9925398032403335,0.8840441233707879,0.8750018086870192,0.8769839673831604,0.8646298638551494,0.8828372356620744,0.897372427433421,1.1090342313165404,0.993148139782107,0.8748729330666797,1.0230334003031547,0.9284399579614386,0.8244953167687146,0.9123542177355296,0.8307830121945348,0.9506493343520667,0.8860230034412251,1.0099039998158754,0.8608380400929171,0.8115460496038508,0.8016276045616192,0.534416023916162,0.7597574589728058,0.9029189312756118
20241106-297-QC10,1.0277489698206093,1.0712322656551991,1.0322100831218837,1.0745177228831644,1.031379604616397,0.9844096561256044,0.924599210413641,0.9112828981570443,1.1323836399402283,1.027815876221208,0.8874620271056991,0.8874620271056991,1.0734533960910628,0.8874620271056991,0.8874620271056991,1.1058089272471716,0.8874620271056991,0.8874620271056991,0.8874620271056991,0.8874620271056991,0.8874620271056991,0.8874620271056991,0.8874620271056991,0.8896574730431038,0.8874620271056991,0.8874620271056991,0.8874620271056991,0.8874620271056991,0.9142333823118539,0.8874620271056991,0.855603573739099,0.8874620271056991,0.8874620271056991,0.8874620271056991,0.8874620271056991,0.8874620271056991,0.8874620271056991,0.9233204440605864,0.8874620271056991,0.8874620271056991,0.8874620271056991,0.8874620271056991,0.8874620271056991,0.9097151741236227,0.8874620271056991,0.8874620271056991,0.8874620271056991,0.8874620271056991,0.8874620271056991,0.8874620271056991,0.8874620271056991,0.8874620271056991,0.8874620271056991,0.8874620271056991,0.9251455437064152,0.8874620271056991,0.8874620271056991,0.8874620271056991,0.9541067197673726,0.8874620271056991,0.8874620271056991,0.8874620271056991,0.8990444230174484,0.8874620271056991,0.8874620271056991,1.052593706534466,0.8874620271056991,0.8936395924939554,0.8874620271056991,0.8874620271056991,0.8874620271056991,0.8874620271056991,0.8874620271056991,0.8874620271056991,0.8874620271056991,0.8884864538200348,0.8874620271056991,0.8874620271056991,0.8874620271056991,0.8874620271056991,0.8874620271056991,0.939712636259563,0.863413315430869,0.8874620271056991,0.8874620271056991,0.8874620271056991,0.8874620271056991,0.8874620271056991,0.8874620271056991,0.8736760627432727,1.1200529600165747,0.8874620271056991,0.8593835815907255,0.8874620271056991,0.8874620271056991,0.8874620271056991,0.8170113093048371,1.0413320760471982,0.8856930310528149,0.9157121059752181,1.2069516161429121,0.9046481063423975,0.8874620271056991,1.1001190575793107,1.07889812747629,0.8874620271056991,0.9811359349733172,1.0345964402603662,1.0745803039278923,1.0787905515161202,0.9459556988776476,1.1993933395578773,1.0015915414689687,1.156653686636425,1.1537066842202222,1.162086405012761,1.1295391343734773,0.9330523283400395,1.12322154801303,1.1092108051707137,1.1138962898897484,1.0855021317562332,0.8874620271056991,0.8874620271056991,0.8874620271056991,0.8874620271056991,0.8373725362090323,0.8874620271056991,0.8874620271056991,0.8874620271056991,0.8874620271056991,0.912350100774471,0.8874620271056991,0.9095195796134797,0.8874620271056991,0.8874620271056991,0.8874620271056991,0.8875746173566627,0.8874620271056991,0.878707906658534,0.8874620271056991,0.8874620271056991,0.8874620271056991,0.974289545664921,0.8874620271056991,0.8874620271056991,0.8874620271056991,0.8874620271056991,0.8874620271056991,0.9190655951099638,0.8874620271056991,0.8874620271056991,0.881145528313764,0.8874620271056991,0.8874620271056991,0.8874620271056991
20241106-297-QC11,1.0282122802889333,0.9865813606117625,0.9223619443034745,0.9852991981079151,0.8119836651111553,0.837557393158885,0.7847562666064991,0.7994680112472481,0.9645689598420286,0.8555517951066249,0.9254529501660376,0.8866627509357223,0.8009303213608534,0.9082394989346462,0.9452244243817096,0.8230540234238835,0.8515243801040864,0.8921517793511846,0.9396753554615297,0.846232425463863,0.8840608699031779,0.9458877671279492,0.8675952957283353,0.9079671948469717,0.9905087275810314,0.9312153035017164,0.8768113607390102,0.9344395756999856,0.9012154129019012,0.8423476205647094,1.126346324079689,0.9151341251324465,0.9783819458823142,0.9339028169833902,0.8929083956529068,0.8303645193733142,0.9671165667387994,0.8996242072428153,0.9695970728901478,0.8878265268444896,0.8632264365953317,0.9462875186325707,1.0001086620752146,0.9149637955068176,0.8745269328137177,0.8229265505248758,0.9896330983125223,0.8789581843240636,0.8728014440697727,1.003340449480842,0.9411523783534965,0.8776131818273063,1.0048954154742318,0.9124141806280625,0.8635276916471033,0.9798856321869578,1.1855152550913088,0.8874375460638839,1.0282122802889333,0.9833464655918552,0.7305748717118267,0.9141320841086945,0.8925971814580473,0.9516342665296633,0.9011698730922849,0.8320378721926426,0.9345319987907325,0.9479453520057931,0.9527131465127878,0.9451154258619825,0.9930066718274242,0.9542496169545263,0.9840626718584606,0.7923847059216425,0.994150065604863,0.9626042067398319,0.9533522135860069,0.942962259616133,0.9951430432131414,0.9162982399221765,0.8914563458225794,1.0185426541092995,1.0506607712784188,0.9588054900376244,0.95311875332537,0.9551609722032306,0.9621551629892894,0.9680988858987668,0.882117484832726,1.0282122802889333,0.8421279245917074,0.9871087938900751,1.0282122802889333,0.9989089777113421,0.9689709686808803,0.9026715896622219,1.0282122802889333,0.9180163679633683,1.0282122802889333,1.0282122802889333,0.9536215354962386,0.9298394935703352,0.9483211852971132,0.8921510062216428,0.9974536949480172,0.9603681352354143,0.8832901368983104,0.9365719608797867,0.9298037586687485,0.9380131646103882,0.8187792048819181,0.9555525416290019,0.8923481409711984,0.9614682164430208,0.8836952053667715,0.9799970986178509,0.9017908728689873,0.8988590785885058,0.8972491793476594,0.9360774496058812,0.9056995847249236,0.9496771928506675,0.8824667781335014,0.870649017553626,0.9486299187849156,0.971621849217231,1.0282122802889333,0.865532561987299,0.8773084494481137,0.9194135685487594,0.8674591244736513,0.7040311458099494,0.9771493954323668,1.0048127215198686,0.9567495468276236,0.93875464541292,0.9589571803697843,0.8432345763473182,0.8036447412198331,1.0282122802889333,0.9289869330825424,0.8161477707172151,0.8974291728785865,0.9502195019765756,0.9584954583958436,0.9086915038714519,0.8584245666668189,0.9378314857807236,0.8537981619890462,0.966147366721111,1.0138238354352955,1.0218938888419158,1.0282122802889333,1.0467302017997624,0.9468658199545781,0.8579581661063639
20241106-297-Blank4,0.0,0.0,0.0,0.0,0.0,0.0,0.0,0.0,0.0,0.0,0.0,0.0,0.0,0.0,0.0,0.0,0.0,0.0,0.0,20.27518006461385,0.0,0.0,0.0,0.0,0.0,0.0,0.0,0.0,0.0,0.0,0.0,0.0,0.0,0.0,0.0,0.0,0.0,0.0,0.0,0.0,0.0,0.0,0.0,0.0,0.0,0.0,0.0,0.0,0.0,0.0,0.0,0.0,0.0,0.0,0.0,0.0,0.0,0.0,0.0,0.0,0.0,0.0,0.0,0.0,0.0,0.0,0.0,0.0,0.0,0.0,0.0,0.0,0.0,0.0,0.0,0.0,0.0,0.0,0.0,0.0,0.0,0.0,0.0,0.0,0.0,0.0,0.0,0.0,0.0,0.0,0.0,0.0,0.0,0.0,0.0,0.0,0.0,0.0,0.0,0.0,0.0,0.0,0.0,0.0,0.0,0.0,0.0,0.0,0.0,0.0,0.0,0.0,0.0,0.0,0.0,0.0,0.0,0.0,0.0,0.0,0.0,0.0,0.0,0.0,0.0,0.0,0.0,61.45628850029993,0.0,0.0,0.0,0.0,0.0,0.0,0.0,0.0,0.0,0.0,0.0,63.05681699380223,0.0,0.0,0.0,0.0,0.0,0.0,0.0,0.0,0.0,0.0,0.0,0.0,0.0,0.0,0.0,0.0
20241106-297-Blank5,0.0,0.0,0.0,0.0,0.0,0.0,0.0,0.0,0.0,0.0,0.0,0.0,0.0,0.0,144.78828555871598,0.0,0.0,0.0,0.0,0.0,0.0,0.0,0.0,0.0,0.0,0.0,0.0,0.0,0.0,0.0,0.0,0.0,0.0,0.0,0.0,0.0,0.0,0.0,0.0,0.0,0.0,0.0,0.0,0.0,0.0,0.0,0.0,0.0,0.0,0.0,0.0,0.0,0.0,0.0,0.0,0.0,0.0,0.0,0.0,0.0,0.0,0.0,0.0,0.0,0.0,0.0,0.0,0.0,0.0,0.0,0.0,0.0,0.0,0.0,0.0,0.0,0.0,0.0,0.0,0.0,0.0,0.0,0.0,0.0,0.0,0.0,0.0,0.0,0.0,0.0,0.0,0.0,0.0,0.0,0.0,0.0,0.0,0.0,0.0,0.0,0.0,0.0,0.0,0.0,0.0,0.0,0.0,0.0,0.0,0.0,0.0,0.0,0.0,0.0,0.0,0.0,0.0,0.0,0.0,0.0,0.0,0.0,0.0,0.0,0.0,0.0,0.0,0.0,0.0,0.0,0.0,0.0,0.0,0.0,0.0,0.0,0.0,0.0,0.0,0.0,0.0,0.0,0.0,0.0,0.0,0.0,0.0,0.0,0.0,0.0,0.0,0.0,0.0,0.0,0.0,0.0
